trial,1,2,3,4,5,6,7,8,9,10,11,12,13,14,15,16,17,18,19,20,21,22,23,24,25,26,27,28,29,30,31,32,33,34,35,36,37,38,39,40,41,42,43,44,45,46,47,48,49,50,51,52,53,54,55,56,57,58,59,60,61,62,63,64,65,66,67,68,69,70,71,72,73,74,75,76,77,78,79,80,81,82,83,84,85,86,87,88,89,90,91,92,93,94,95,96,97,98,99,100
-1.0,-1.0,-1.0,-1.0,-1.0,-1.0,-1.0,-1.0,-1.0,-1.0,-1.0,-1.0,-1.0,-1.0,-1.0,-1.0,-1.0,-1.0,-1.0,-1.0,-1.0,-1.0,-1.0,-1.0,-1.0,-1.0,-1.0,-1.0,-1.0,-1.0,-1.0,-1.0,-1.0,-1.0,-1.0,-1.0,-1.0,-1.0,-1.0,-1.0,-1.0,-1.0,-1.0,-1.0,-1.0,-1.0,-1.0,-1.0,-1.0,-1.0,-1.0,-1.0,-1.0,-1.0,-1.0,-1.0,-1.0,-1.0,-1.0,-1.0,-1.0,-1.0,-1.0,-1.0,-1.0,-1.0,-1.0,-1.0,-1.0,-1.0,-1.0,-1.0,-1.0,-1.0,-1.0,-1.0,-1.0,-1.0,-1.0,-1.0,-1.0,-1.0,-1.0,-1.0,-1.0,-1.0,-1.0,-1.0,-1.0,-1.0,-1.0,-1.0,-1.0,-1.0,-1.0,-1.0,-1.0,-1.0,-1.0,-1.0,-1.0
0.0,1.0,1.0,1.0,1.0,1.0,1.0,1.0,1.0,1.0,1.0,1.0,1.0,1.0,1.0,1.0,1.0,1.0,1.0,1.0,1.0,1.0,1.0,1.0,1.0,1.0,1.0,1.0,1.0,1.0,1.0,1.0,1.0,1.0,1.0,1.0,1.0,1.0,1.0,1.0,1.0,1.0,1.0,1.0,1.0,1.0,1.0,1.0,1.0,1.0,1.0,1.0,1.0,1.0,1.0,1.0,1.0,1.0,1.0,1.0,1.0,1.0,1.0,1.0,1.0,1.0,1.0,1.0,1.0,1.0,1.0,1.0,1.0,1.0,1.0,1.0,1.0,1.0,1.0,1.0,1.0,1.0,1.0,1.0,1.0,1.0,1.0,1.0,1.0,1.0,1.0,1.0,1.0,1.0,1.0,1.0,1.0,1.0,1.0,1.0
0.0,1.0,1.0,1.0,1.0,1.0,1.0,1.0,1.0,1.0,1.0,1.0,1.0,1.0,1.0,1.0,1.0,1.0,1.0,1.0,1.0,1.0,1.0,1.0,1.0,1.0,1.0,1.0,1.0,1.0,1.0,1.0,1.0,1.0,1.0,1.0,1.0,1.0,1.0,1.0,1.0,1.0,1.0,1.0,1.0,1.0,1.0,1.0,1.0,1.0,1.0,1.0,1.0,1.0,1.0,1.0,1.0,1.0,1.0,1.0,1.0,1.0,1.0,1.0,1.0,1.0,1.0,1.0,1.0,1.0,1.0,1.0,1.0,1.0,1.0,1.0,1.0,1.0,1.0,1.0,1.0,1.0,1.0,1.0,1.0,1.0,1.0,1.0,1.0,1.0,1.0,1.0,1.0,1.0,1.0,1.0,1.0,1.0,1.0,1.0
0.0,1.0,1.0,1.0,1.0,1.0,1.0,1.0,1.0,1.0,1.0,1.0,1.0,1.0,1.0,1.0,1.0,1.0,1.0,1.0,1.0,1.0,1.0,1.0,1.0,1.0,1.0,1.0,1.0,1.0,1.0,1.0,1.0,1.0,1.0,1.0,1.0,1.0,1.0,1.0,1.0,1.0,1.0,1.0,1.0,1.0,1.0,1.0,1.0,1.0,1.0,1.0,1.0,1.0,1.0,1.0,1.0,1.0,1.0,1.0,1.0,1.0,1.0,1.0,1.0,1.0,1.0,1.0,1.0,1.0,1.0,1.0,1.0,1.0,1.0,1.0,1.0,1.0,1.0,1.0,1.0,1.0,1.0,1.0,1.0,1.0,1.0,1.0,1.0,1.0,1.0,1.0,1.0,1.0,1.0,1.0,1.0,1.0,1.0,1.0
0.0,1.0,1.0,1.0,1.0,1.0,1.0,1.0,1.0,1.0,1.0,1.0,1.0,1.0,1.0,1.0,1.0,1.0,1.0,1.0,1.0,1.0,1.0,1.0,1.0,1.0,1.0,1.0,1.0,1.0,1.0,1.0,1.0,1.0,1.0,1.0,1.0,1.0,1.0,1.0,1.0,1.0,1.0,1.0,1.0,1.0,1.0,1.0,1.0,1.0,1.0,1.0,1.0,1.0,1.0,1.0,1.0,1.0,1.0,1.0,1.0,1.0,1.0,1.0,1.0,1.0,1.0,1.0,1.0,1.0,1.0,1.0,1.0,1.0,1.0,1.0,1.0,1.0,1.0,1.0,1.0,1.0,1.0,1.0,1.0,1.0,1.0,1.0,1.0,1.0,1.0,1.0,1.0,1.0,1.0,1.0,1.0,1.0,1.0,1.0
0.0,0.0,0.0,0.0,0.0,0.0,0.0,0.0,0.0,0.0,0.0,0.0,0.0,0.0,0.0,0.0,0.0,0.0,0.0,0.0032765586483617143,0.0032765586483617143,0.0032765586483617143,0.0032765586483617143,0.0032765586483617143,0.0032765586483617143,0.0032765586483617143,0.0032765586483617143,0.0032765586483617143,0.0032765586483617143,0.050477249388353976,0.050477249388353976,0.050477249388353976,0.050477249388353976,0.050477249388353976,0.050477249388353976,0.050477249388353976,0.050477249388353976,0.050477249388353976,0.050477249388353976,0.050477249388353976,0.050477249388353976,0.050477249388353976,0.050477249388353976,0.050477249388353976,0.050477249388353976,0.050477249388353976,0.050477249388353976,0.050477249388353976,0.050477249388353976,0.050477249388353976,0.050477249388353976,0.050477249388353976,0.050477249388353976,0.050477249388353976,0.050477249388353976,0.050477249388353976,0.050477249388353976,0.050477249388353976,0.050477249388353976,0.050477249388353976,0.050477249388353976,0.050477249388353976,0.050477249388353976,0.050477249388353976,0.050477249388353976,0.050477249388353976,0.050477249388353976,0.050477249388353976,0.050477249388353976,0.050477249388353976,0.050477249388353976,0.050477249388353976,0.050477249388353976,0.050477249388353976,0.050477249388353976,0.050477249388353976,0.050477249388353976,0.050477249388353976,0.050477249388353976,0.050477249388353976,0.050477249388353976,0.050477249388353976,0.050477249388353976,0.050477249388353976,0.050477249388353976,0.050477249388353976,0.050477249388353976,0.050477249388353976,0.050477249388353976,0.050477249388353976,0.050477249388353976,0.050477249388353976,0.050477249388353976,0.050477249388353976,0.050477249388353976,0.050477249388353976,0.050477249388353976,0.050477249388353976,0.050477249388353976,0.050477249388353976
0.0,0.0,0.0,0.0,0.0,0.0,0.0,0.0,0.0,0.0,0.0,0.0,0.0,0.0,0.0,0.0,0.0,0.0,0.0,0.0,0.0,0.007439783776906641,0.007439783776906641,0.007439783776906641,0.007439783776906641,0.007439783776906641,0.007439783776906641,0.007439783776906641,0.007439783776906641,0.007439783776906641,0.007439783776906641,0.007439783776906641,0.007439783776906641,0.007439783776906641,0.007439783776906641,0.007439783776906641,0.007439783776906641,0.007439783776906641,0.007439783776906641,0.007439783776906641,0.007439783776906641,0.007439783776906641,0.007439783776906641,0.007439783776906641,0.007439783776906641,0.007439783776906641,0.007439783776906641,0.007439783776906641,0.007439783776906641,0.007439783776906641,0.007439783776906641,0.007439783776906641,0.007439783776906641,0.04699150350410844,0.04699150350410844,0.04699150350410844,0.04699150350410844,0.04699150350410844,0.04699150350410844,0.04699150350410844,0.04699150350410844,0.04699150350410844,0.04699150350410844,0.04699150350410844,0.04699150350410844,0.04699150350410844,0.04699150350410844,0.04699150350410844,0.04699150350410844,0.04699150350410844,0.14594688257835003,0.14594688257835003,0.14594688257835003,0.14594688257835003,0.14594688257835003,0.14594688257835003,0.14594688257835003,0.14594688257835003,0.14594688257835003,0.14594688257835003,0.14594688257835003,0.14594688257835003,0.14594688257835003,0.14594688257835003,0.14594688257835003,0.14594688257835003,0.14594688257835003,0.14594688257835003,0.14594688257835003,0.14594688257835003,0.14594688257835003,0.14594688257835003,0.14594688257835003,0.14594688257835003,0.14594688257835003,0.14594688257835003,0.14594688257835003,0.14594688257835003,0.14594688257835003,0.14594688257835003
0.0,0.0,0.0,0.0,0.0,0.0,0.0,0.0,0.0,0.0,0.0,0.0,0.0,0.0,0.0,0.0,0.0,0.0,0.0,0.0,0.0,0.0,0.0,0.0,0.0,0.0,0.0,0.0,0.0,0.0,0.0,0.0,0.0,0.0,0.0,0.0,0.0,0.0,0.0,0.0,0.0,0.0,0.0,0.0,0.0,0.0,0.0,0.0,0.0,0.0,0.0,0.0,0.0,0.0,0.0,0.0,0.0,0.0,0.0,0.0,0.0,0.0,0.0,0.0,0.0,0.0,0.0,0.0,0.0,0.0,0.0,0.0,0.0,0.0,0.0,0.0,0.0,0.0,0.0,0.0,0.0,0.0,0.0,0.0,0.0,0.0,0.0,0.0,0.0,0.0,0.0,0.0,0.0,0.0,0.0,0.0,0.0,0.0,0.0,0.0
0.0,0.0,0.0,0.0,0.0,0.0,0.0,0.0,0.0,0.0,0.0,0.0,0.0,0.0,0.0,0.0,0.0,0.0,0.0,0.0,0.0,0.0,0.0,0.0,0.0,0.0,0.0,0.0,0.0,0.0,0.0,0.0,0.0,0.0,0.0,0.0,0.0,0.0,0.0,0.0,0.0,0.0,0.0,0.0,0.0,0.0,0.0,0.0,0.0,0.0,0.0,0.0,0.0,0.0,0.0,0.0,0.0,0.0,0.0,0.0,0.0,0.0,0.0,0.0,0.0,0.0,0.0,0.0,0.0,0.0,0.0,0.0,0.0,0.0,0.0,0.0,0.0,0.0,0.0,0.0,0.0,0.0,0.0,0.0,0.0,0.0,0.0,0.0,0.0,0.0,0.0,0.0,0.0,0.0,0.0,0.0,0.0,0.0,0.0,0.0
0.0,0.0,0.0,0.0,0.0,0.0,0.0,0.0,0.0,0.0,0.0,0.0,0.0,0.0,0.0,0.0,0.0,0.0,0.0,0.0,0.0,0.0,0.0,0.0,0.0,0.0,0.0,0.0,0.0,0.0,0.0,0.0,0.0,0.0,0.0,0.0,0.0,0.0,0.0,0.0,0.0,0.0,0.0,0.0,0.0,0.0,0.0,0.0,0.0,0.0,0.0,0.0,0.0,0.0,0.0,0.0,0.0,0.0,0.0,0.0,0.0,0.0,0.0,0.0,0.0,0.0,0.0,0.0,0.0,0.0,0.0,0.0,0.0,0.0,0.0,0.0,0.0,0.0,0.0,0.0,0.0,0.0,0.0,0.0,0.0,0.0,0.0,0.16715504671849693,0.16715504671849693,0.16715504671849693,0.16715504671849693,0.16715504671849693,0.16715504671849693,0.16715504671849693,0.16715504671849693,0.16715504671849693,0.16715504671849693,0.16715504671849693,0.16715504671849693,0.16715504671849693
0.0,0.0,0.0,0.0,0.0,0.0,0.0,0.0,0.0,0.0,0.0,0.0,0.0,0.0,0.0,0.0,0.0,0.0,0.0,0.0,0.0,0.0,0.0,0.0,0.0,0.0,0.0,0.010802426034044549,0.010802426034044549,0.010802426034044549,0.010802426034044549,0.010802426034044549,0.010802426034044549,0.010802426034044549,0.010802426034044549,0.010802426034044549,0.010802426034044549,0.010802426034044549,0.010802426034044549,0.010802426034044549,0.010802426034044549,0.010802426034044549,0.010802426034044549,0.010802426034044549,0.010802426034044549,0.010802426034044549,0.010802426034044549,0.010802426034044549,0.010802426034044549,0.010802426034044549,0.010802426034044549,0.010802426034044549,0.010802426034044549,0.010802426034044549,0.010802426034044549,0.010802426034044549,0.010802426034044549,0.010802426034044549,0.010802426034044549,0.010802426034044549,0.010802426034044549,0.010802426034044549,0.010802426034044549,0.010802426034044549,0.010802426034044549,0.010802426034044549,0.010802426034044549,0.010802426034044549,0.010802426034044549,0.010802426034044549,0.010802426034044549,0.010802426034044549,0.010802426034044549,0.010802426034044549,0.010802426034044549,0.010802426034044549,0.010802426034044549,0.010802426034044549,0.010802426034044549,0.010802426034044549,0.010802426034044549,0.010802426034044549,0.010802426034044549,0.010802426034044549,0.010802426034044549,0.010802426034044549,0.010802426034044549,0.010802426034044549,0.010802426034044549,0.010802426034044549,0.010802426034044549,0.010802426034044549,0.010802426034044549,0.010802426034044549,0.010802426034044549,0.010802426034044549,0.010802426034044549,0.010802426034044549,0.010802426034044549,0.010802426034044549
0.0,0.0,0.0,0.0,0.0,0.0,0.0,0.0,0.0,0.0,0.0,0.006666063993382995,0.006666063993382995,0.006666063993382995,0.006666063993382995,0.006666063993382995,0.006666063993382995,0.00963581973873515,0.029502967276209897,0.029502967276209897,0.029502967276209897,0.029502967276209897,0.031384833244493135,0.031384833244493135,0.031384833244493135,0.031384833244493135,0.031384833244493135,0.031384833244493135,0.031384833244493135,0.031384833244493135,0.031384833244493135,0.031384833244493135,0.031384833244493135,0.031384833244493135,0.031384833244493135,0.031384833244493135,0.031384833244493135,0.031384833244493135,0.031384833244493135,0.047858166537780016,0.047858166537780016,0.047858166537780016,0.047858166537780016,0.047858166537780016,0.047858166537780016,0.047858166537780016,0.047858166537780016,0.047858166537780016,0.047858166537780016,0.047858166537780016,0.047858166537780016,0.047858166537780016,0.047858166537780016,0.047858166537780016,0.047858166537780016,0.047858166537780016,0.047858166537780016,0.047858166537780016,0.047858166537780016,0.047858166537780016,0.047858166537780016,0.047858166537780016,0.047858166537780016,0.047858166537780016,0.047858166537780016,0.047858166537780016,0.047858166537780016,0.047858166537780016,0.047858166537780016,0.047858166537780016,0.047858166537780016,0.047858166537780016,0.047858166537780016,0.047858166537780016,0.047858166537780016,0.047858166537780016,0.20908471632367773,0.20908471632367773,0.20908471632367773,0.20908471632367773,0.20908471632367773,0.20908471632367773,0.20908471632367773,0.20908471632367773,0.20908471632367773,0.20908471632367773,0.20908471632367773,0.20908471632367773,0.20908471632367773,0.20908471632367773,0.20908471632367773,0.20908471632367773,0.20908471632367773,0.20908471632367773,0.20908471632367773,0.20908471632367773,0.20908471632367773,0.20908471632367773,0.20908471632367773,0.20908471632367773
0.0,0.0,0.0,0.0,0.0,0.0,0.0,0.0,0.0,0.0,0.0,0.0,0.0,0.0,0.0,0.0,0.0,0.0,0.0,0.0,0.0,0.0,0.0,0.0,0.0,0.0,0.0,0.0,0.0,0.0,0.0,0.0,0.0,0.0,0.0,0.0,0.0,0.3524124220422774,0.3524124220422774,0.3524124220422774,0.3524124220422774,0.3524124220422774,0.3524124220422774,0.3524124220422774,0.3524124220422774,0.3524124220422774,0.3524124220422774,0.3524124220422774,0.3524124220422774,0.3524124220422774,0.3524124220422774,0.3524124220422774,0.3524124220422774,0.3524124220422774,0.3524124220422774,0.3524124220422774,0.3524124220422774,0.3524124220422774,0.3524124220422774,0.3524124220422774,0.3524124220422774,0.3524124220422774,0.3524124220422774,0.3524124220422774,0.3524124220422774,0.3524124220422774,0.3524124220422774,0.3524124220422774,0.3524124220422774,0.3524124220422774,0.3524124220422774,0.3524124220422774,0.3524124220422774,0.3524124220422774,0.3524124220422774,0.3524124220422774,0.3524124220422774,0.3524124220422774,0.3524124220422774,0.3524124220422774,0.3524124220422774,0.3524124220422774,0.3524124220422774,0.3524124220422774,0.3524124220422774,0.3524124220422774,0.3524124220422774,0.3524124220422774,0.3524124220422774,0.3524124220422774,0.3524124220422774,0.3524124220422774,0.3524124220422774,0.3524124220422774,0.3524124220422774,0.3524124220422774,0.3524124220422774,0.3524124220422774,0.3524124220422774,0.3524124220422774
0.0,0.0,0.0,0.0,0.0,0.0,0.0,0.0,0.0,0.0,0.0,0.0,0.0,0.0,0.0,0.0,0.0,0.0,0.0,0.0,0.0,0.0,0.0,0.0,0.0,0.0,0.0,0.0,0.0,0.0,0.0,0.0,0.0,0.0,0.0,0.0,0.0,0.0,0.0,0.0,0.0,0.0,0.0,0.0,0.0,0.0,0.0,0.0,0.0,0.0,0.0,0.0,0.0,0.0,0.0,0.0,0.0,0.0,0.0,0.0,0.0,0.0,0.0,0.0,0.0,0.0,0.0,0.0,0.0,0.0,0.0,0.0,0.0,0.0,0.0,0.0,0.0,0.0,0.0,0.0,0.0,0.0,0.0,0.0,0.0,0.0,0.0,0.0,0.0,0.0,0.0,0.0,0.0,0.0,0.0,0.0,0.0,0.0,0.0,0.0
0.0,0.0,0.0,0.0,0.0,0.0,0.0,0.0,0.0,0.0,0.0,0.0,0.0,0.0,0.0,0.0,0.0,0.0,0.0,0.0,0.0,0.0,0.0,0.0,0.0,0.0,0.0,0.0,0.0,0.0,0.0,0.0,0.0,0.0,0.0,0.19882430832454745,0.19882430832454745,0.19882430832454745,0.19882430832454745,0.19882430832454745,0.19882430832454745,0.19882430832454745,0.19882430832454745,0.19882430832454745,0.19882430832454745,0.19882430832454745,0.19882430832454745,0.19882430832454745,0.19882430832454745,0.19882430832454745,0.19882430832454745,0.19882430832454745,0.19882430832454745,0.19882430832454745,0.19882430832454745,0.19882430832454745,0.19882430832454745,0.19882430832454745,0.19882430832454745,0.19882430832454745,0.19882430832454745,0.19882430832454745,0.19882430832454745,0.19882430832454745,0.19882430832454745,0.19882430832454745,0.19882430832454745,0.19882430832454745,0.19882430832454745,0.19882430832454745,0.19882430832454745,0.19882430832454745,0.19882430832454745,0.19882430832454745,0.19882430832454745,0.19882430832454745,0.19882430832454745,0.19882430832454745,0.19882430832454745,0.19882430832454745,0.19882430832454745,0.19882430832454745,0.19882430832454745,0.19882430832454745,0.19882430832454745,0.19882430832454745,0.19882430832454745,0.19882430832454745,0.19882430832454745,0.19882430832454745,0.19882430832454745,0.19882430832454745,0.19882430832454745,0.19882430832454745,0.19882430832454745,0.19882430832454745,0.19882430832454745,0.19882430832454745,0.19882430832454745,0.19882430832454745
0.0,0.0,0.0,0.0,0.0,0.0,0.0,0.0,0.0,0.0,0.0,0.0,0.0,0.0,0.0,0.0,0.0,0.0,0.0,0.0,0.0,0.0,0.0,0.0,0.0,0.0,0.0,0.0,0.02299740355131921,0.02299740355131921,0.02299740355131921,0.02299740355131921,0.02299740355131921,0.02299740355131921,0.02299740355131921,0.02299740355131921,0.02299740355131921,0.02299740355131921,0.02299740355131921,0.02299740355131921,0.02299740355131921,0.02299740355131921,0.02299740355131921,0.02299740355131921,0.02299740355131921,0.02299740355131921,0.02299740355131921,0.02299740355131921,0.02299740355131921,0.02299740355131921,0.02299740355131921,0.02299740355131921,0.02299740355131921,0.02299740355131921,0.02299740355131921,0.02299740355131921,0.02299740355131921,0.02299740355131921,0.02299740355131921,0.02299740355131921,0.02299740355131921,0.02299740355131921,0.02299740355131921,0.02299740355131921,0.02299740355131921,0.02299740355131921,0.02299740355131921,0.02299740355131921,0.02299740355131921,0.02299740355131921,0.02299740355131921,0.02299740355131921,0.02299740355131921,0.02299740355131921,0.02299740355131921,0.02299740355131921,0.02299740355131921,0.02299740355131921,0.02299740355131921,0.02299740355131921,0.02299740355131921,0.02299740355131921,0.02299740355131921,0.02299740355131921,0.02299740355131921,0.02299740355131921,0.02299740355131921,0.02299740355131921,0.02299740355131921,0.02299740355131921,0.02299740355131921,0.02299740355131921,0.02299740355131921,0.02299740355131921,0.02299740355131921,0.02299740355131921,0.02299740355131921,0.02299740355131921,0.02299740355131921,0.02299740355131921
0.0,0.0,0.0,0.0,0.0,0.0,0.0,0.0,0.0,0.013412939561143582,0.013412939561143582,0.013412939561143582,0.013412939561143582,0.013412939561143582,0.013412939561143582,0.013412939561143582,0.013412939561143582,0.013412939561143582,0.013412939561143582,0.013412939561143582,0.013412939561143582,0.029863733525377568,0.029863733525377568,0.029863733525377568,0.029863733525377568,0.029863733525377568,0.029863733525377568,0.029863733525377568,0.029863733525377568,0.23038758660845096,0.23038758660845096,0.23038758660845096,0.23038758660845096,0.23038758660845096,0.23038758660845096,0.23038758660845096,0.23038758660845096,0.23038758660845096,0.23038758660845096,0.23038758660845096,0.23038758660845096,0.23038758660845096,0.23038758660845096,0.23038758660845096,0.23038758660845096,0.23038758660845096,0.23038758660845096,0.23038758660845096,0.23038758660845096,0.23038758660845096,0.23038758660845096,0.23038758660845096,0.23038758660845096,0.23038758660845096,0.23038758660845096,0.23038758660845096,0.23038758660845096,0.23038758660845096,0.23038758660845096,0.23038758660845096,0.23038758660845096,0.23038758660845096,0.23038758660845096,0.23038758660845096,0.23038758660845096,0.23038758660845096,0.23038758660845096,0.23038758660845096,0.23038758660845096,0.23038758660845096,0.23038758660845096,0.23038758660845096,0.23038758660845096,0.23038758660845096,0.23038758660845096,0.23038758660845096,0.23038758660845096,0.23038758660845096,0.23038758660845096,0.23038758660845096,0.23038758660845096,0.23038758660845096,0.23038758660845096,0.23038758660845096,0.23038758660845096,0.23038758660845096,0.23038758660845096,0.23038758660845096,0.23038758660845096,0.23038758660845096,0.23038758660845096,0.23038758660845096,0.23038758660845096,0.23038758660845096,0.23038758660845096,0.23038758660845096,0.23038758660845096,0.23038758660845096,0.23038758660845096,0.23038758660845096
0.0,0.0,0.0,0.0,0.0,0.0,0.0,0.0,0.0,0.0,0.0,0.0,0.0,0.0,0.0,0.0,0.0,0.02265073334998415,0.02265073334998415,0.02265073334998415,0.02265073334998415,0.02265073334998415,0.02265073334998415,0.02265073334998415,0.02265073334998415,0.02265073334998415,0.03892542593340863,0.03892542593340863,0.03892542593340863,0.03892542593340863,0.03892542593340863,0.03892542593340863,0.03892542593340863,0.03892542593340863,0.03892542593340863,0.03892542593340863,0.03892542593340863,0.03892542593340863,0.03892542593340863,0.03892542593340863,0.03892542593340863,0.03892542593340863,0.03892542593340863,0.03892542593340863,0.03892542593340863,0.03892542593340863,0.03892542593340863,0.03892542593340863,0.03892542593340863,0.03892542593340863,0.03892542593340863,0.03892542593340863,0.03892542593340863,0.03892542593340863,0.03892542593340863,0.03892542593340863,0.03892542593340863,0.03892542593340863,0.03892542593340863,0.03892542593340863,0.03892542593340863,0.03892542593340863,0.03892542593340863,0.03892542593340863,0.03892542593340863,0.03892542593340863,0.03892542593340863,0.03892542593340863,0.03892542593340863,0.03892542593340863,0.03892542593340863,0.03892542593340863,0.03892542593340863,0.03892542593340863,0.03892542593340863,0.03892542593340863,0.03892542593340863,0.03892542593340863,0.03892542593340863,0.03892542593340863,0.03892542593340863,0.03892542593340863,0.03892542593340863,0.03892542593340863,0.03892542593340863,0.03892542593340863,0.03892542593340863,0.03892542593340863,0.03892542593340863,0.03892542593340863,0.03892542593340863,0.03892542593340863,0.03892542593340863,0.03892542593340863,0.03892542593340863,0.03892542593340863,0.03892542593340863,0.03892542593340863,0.03892542593340863,0.03892542593340863
0.0,0.0,0.0,0.0,0.0,0.0,0.0,0.0,0.0,0.0,0.0,0.0,0.0,0.0,0.0,0.0,0.0,0.0,0.0,0.0,0.0,0.0,0.0,0.0,0.0,0.0,0.12847894187481818,0.12847894187481818,0.12847894187481818,0.12847894187481818,0.12847894187481818,0.12847894187481818,0.12847894187481818,0.12847894187481818,0.12847894187481818,0.12847894187481818,0.12847894187481818,0.12847894187481818,0.12847894187481818,0.12847894187481818,0.12847894187481818,0.12847894187481818,0.12847894187481818,0.12847894187481818,0.12847894187481818,0.12847894187481818,0.12847894187481818,0.12847894187481818,0.12847894187481818,0.12847894187481818,0.12847894187481818,0.12847894187481818,0.12847894187481818,0.12847894187481818,0.12847894187481818,0.12847894187481818,0.12847894187481818,0.12847894187481818,0.12847894187481818,0.12847894187481818,0.12847894187481818,0.12847894187481818,0.12847894187481818,0.12847894187481818,0.12847894187481818,0.12847894187481818,0.12847894187481818,0.12847894187481818,0.12847894187481818,0.12847894187481818,0.12847894187481818,0.12847894187481818,0.12847894187481818,0.12847894187481818,0.12847894187481818,0.12847894187481818,0.12847894187481818,0.12847894187481818,0.12847894187481818,0.12847894187481818,0.12847894187481818,0.12847894187481818,0.12847894187481818,0.12847894187481818,0.12847894187481818,0.12847894187481818,0.12847894187481818,0.12847894187481818,0.12847894187481818,0.12847894187481818,0.12847894187481818,0.12847894187481818,0.12847894187481818,0.12847894187481818,0.12847894187481818,0.12847894187481818,0.12847894187481818,0.12847894187481818,0.12847894187481818,0.12847894187481818
0.0,0.0,0.0,0.0,0.0,0.0,0.0,0.0,0.0,0.0,0.0,0.0,0.0,0.0,0.0,0.0,0.0,0.0,0.0,0.0,0.0,0.0,0.0,0.0,0.0,0.0,0.0,0.0,0.0,0.0,0.0,0.0,0.0,0.0,0.0,0.0,0.0,0.0,0.0,0.0,0.0,0.0,0.0,0.0,0.0,0.09636419111520832,0.09636419111520832,0.09636419111520832,0.09636419111520832,0.09636419111520832,0.09636419111520832,0.09636419111520832,0.09636419111520832,0.09636419111520832,0.09636419111520832,0.09636419111520832,0.09636419111520832,0.09636419111520832,0.09636419111520832,0.09636419111520832,0.09636419111520832,0.09636419111520832,0.09636419111520832,0.09636419111520832,0.09636419111520832,0.09636419111520832,0.09636419111520832,0.09636419111520832,0.09636419111520832,0.09636419111520832,0.09636419111520832,0.09636419111520832,0.09636419111520832,0.09636419111520832,0.09636419111520832,0.09636419111520832,0.09636419111520832,0.09636419111520832,0.09636419111520832,0.09636419111520832,0.09636419111520832,0.09636419111520832,0.09636419111520832,0.09636419111520832,0.09636419111520832,0.09636419111520832,0.09636419111520832,0.09636419111520832,0.09636419111520832,0.09636419111520832,0.09636419111520832,0.09636419111520832,0.09636419111520832,0.09636419111520832,0.09636419111520832,0.09636419111520832,0.09636419111520832,0.09636419111520832,0.09636419111520832,0.09636419111520832
0.0,0.0,0.0,0.0,0.0,0.0,0.0,0.0,0.0,0.0,0.0,0.0,0.0,0.0,0.0,0.0,0.0,0.0,0.0,0.0,0.0,0.0,0.0,0.0,0.02019705382873187,0.02019705382873187,0.02019705382873187,0.02019705382873187,0.02019705382873187,0.02019705382873187,0.02019705382873187,0.02019705382873187,0.02019705382873187,0.02019705382873187,0.02019705382873187,0.02019705382873187,0.02019705382873187,0.10200128613858386,0.10200128613858386,0.10200128613858386,0.10200128613858386,0.10200128613858386,0.10200128613858386,0.10200128613858386,0.10200128613858386,0.10200128613858386,0.10200128613858386,0.10200128613858386,0.10200128613858386,0.10200128613858386,0.10200128613858386,0.10200128613858386,0.10200128613858386,0.10200128613858386,0.10200128613858386,0.10200128613858386,0.10200128613858386,0.10200128613858386,0.10200128613858386,0.10200128613858386,0.10200128613858386,0.10200128613858386,0.10200128613858386,0.10200128613858386,0.10200128613858386,0.10200128613858386,0.10200128613858386,0.10200128613858386,0.10200128613858386,0.10200128613858386,0.10200128613858386,0.10200128613858386,0.10200128613858386,0.10200128613858386,0.10200128613858386,0.10200128613858386,0.10200128613858386,0.10200128613858386,0.10200128613858386,0.10200128613858386,0.10200128613858386,0.10200128613858386,0.10200128613858386,0.10200128613858386,0.10200128613858386,0.10200128613858386,0.10200128613858386,0.10200128613858386,0.10200128613858386,0.10200128613858386,0.10200128613858386,0.10200128613858386,0.10200128613858386,0.10200128613858386,0.10200128613858386,0.10200128613858386,0.10200128613858386,0.10200128613858386,0.10200128613858386,0.10200128613858386
0.0,0.0,0.0,0.0,0.0,0.0,0.0,0.0,0.0,0.0,0.0,0.0,0.0,0.0,0.0,0.0,0.0,0.0,0.0,0.0,0.0,0.013056250428160833,0.013056250428160833,0.01768238742344433,0.01768238742344433,0.01768238742344433,0.01768238742344433,0.01768238742344433,0.01768238742344433,0.01768238742344433,0.01768238742344433,0.01768238742344433,0.01768238742344433,0.01768238742344433,0.01768238742344433,0.01768238742344433,0.01768238742344433,0.01768238742344433,0.01768238742344433,0.01768238742344433,0.01768238742344433,0.01768238742344433,0.01768238742344433,0.01768238742344433,0.01768238742344433,0.01768238742344433,0.01768238742344433,0.01768238742344433,0.01768238742344433,0.01768238742344433,0.01768238742344433,0.01768238742344433,0.01768238742344433,0.01768238742344433,0.01768238742344433,0.01768238742344433,0.01768238742344433,0.01768238742344433,0.01768238742344433,0.01768238742344433,0.01768238742344433,0.01768238742344433,0.01768238742344433,0.01768238742344433,0.01768238742344433,0.01768238742344433,0.01768238742344433,0.01768238742344433,0.01768238742344433,0.01768238742344433,0.01768238742344433,0.01768238742344433,0.01768238742344433,0.01768238742344433,0.01768238742344433,0.01768238742344433,0.01768238742344433,0.01768238742344433,0.01768238742344433,0.01768238742344433,0.01768238742344433,0.01768238742344433,0.01768238742344433,0.01768238742344433,0.01768238742344433,0.01768238742344433,0.01768238742344433,0.01768238742344433,0.01768238742344433,0.01768238742344433,0.01768238742344433,0.01768238742344433,0.01768238742344433,0.01768238742344433,0.09771396937075921,0.09771396937075921,0.09771396937075921,0.09771396937075921,0.09771396937075921,0.09771396937075921
0.0,0.0,0.0,0.0,0.0,0.0,0.0,0.0,0.0,0.0,0.0,0.0,0.0,0.0,0.0,0.0,0.0,0.0,0.0,0.06129260732167037,0.06129260732167037,0.06129260732167037,0.06129260732167037,0.06129260732167037,0.06129260732167037,0.06129260732167037,0.06129260732167037,0.06129260732167037,0.06129260732167037,0.06129260732167037,0.06129260732167037,0.06129260732167037,0.06129260732167037,0.06129260732167037,0.06129260732167037,0.06129260732167037,0.06129260732167037,0.06129260732167037,0.06129260732167037,0.06129260732167037,0.06129260732167037,0.06129260732167037,0.06129260732167037,0.06129260732167037,0.06129260732167037,0.06129260732167037,0.06129260732167037,0.06129260732167037,0.06129260732167037,0.06129260732167037,0.06129260732167037,0.06129260732167037,0.06129260732167037,0.06129260732167037,0.06129260732167037,0.06129260732167037,0.06129260732167037,0.06129260732167037,0.06129260732167037,0.06129260732167037,0.06129260732167037,0.06129260732167037,0.06129260732167037,0.06129260732167037,0.06129260732167037,0.06129260732167037,0.06129260732167037,0.06129260732167037,0.06129260732167037,0.06129260732167037,0.06129260732167037,0.06129260732167037,0.06129260732167037,0.06129260732167037,0.06129260732167037,0.06129260732167037,0.06129260732167037,0.06129260732167037,0.06129260732167037,0.06129260732167037,0.06129260732167037,0.06129260732167037,0.06129260732167037,0.06129260732167037,0.06129260732167037,0.06129260732167037,0.06129260732167037,0.06129260732167037,0.06129260732167037,0.06129260732167037,0.06129260732167037,0.06129260732167037,0.06129260732167037,0.06129260732167037,0.06129260732167037,0.06129260732167037,0.06129260732167037,0.06129260732167037,0.06129260732167037,0.06129260732167037
0.0,0.0,0.0,0.0,0.0,0.0,0.0,0.0,0.0,0.0,0.0,0.0,0.0,0.0,0.0,0.0,0.0021636193008101184,0.0021636193008101184,0.0021636193008101184,0.0021636193008101184,0.0021636193008101184,0.0021636193008101184,0.0021636193008101184,0.33720122888323806,0.33720122888323806,0.33720122888323806,0.33720122888323806,0.33720122888323806,0.33720122888323806,0.33720122888323806,0.33720122888323806,0.33720122888323806,0.33720122888323806,0.33720122888323806,0.33720122888323806,0.33720122888323806,0.33720122888323806,0.33720122888323806,0.33720122888323806,0.33720122888323806,0.33720122888323806,0.33720122888323806,0.33720122888323806,0.33720122888323806,0.33720122888323806,0.33720122888323806,0.33720122888323806,0.33720122888323806,0.33720122888323806,0.33720122888323806,0.33720122888323806,0.33720122888323806,0.33720122888323806,0.33720122888323806,0.33720122888323806,0.33720122888323806,0.33720122888323806,0.33720122888323806,0.33720122888323806,0.33720122888323806,0.33720122888323806,0.33720122888323806,0.33720122888323806,0.33720122888323806,0.33720122888323806,0.33720122888323806,0.33720122888323806,0.33720122888323806,0.33720122888323806,0.33720122888323806,0.33720122888323806,0.33720122888323806,0.33720122888323806,0.33720122888323806,0.33720122888323806,0.33720122888323806,0.33720122888323806,0.33720122888323806,0.33720122888323806,0.33720122888323806,0.33720122888323806,0.33720122888323806,0.33720122888323806,0.33720122888323806,0.33720122888323806,0.33720122888323806,0.33720122888323806,0.33720122888323806,0.33720122888323806,0.33720122888323806,0.33720122888323806,0.33720122888323806,0.33720122888323806,0.33720122888323806,0.33720122888323806,0.33720122888323806,0.33720122888323806,0.33720122888323806,0.33720122888323806,0.33720122888323806
0.0,0.0,0.0,0.0,0.0,0.0,0.0,0.0,0.0,0.0,0.0,0.0,0.0,0.0,0.0,0.0,0.0,0.0,0.0,0.0,0.0,0.0,0.0,0.0,0.0,0.0,0.0,0.0,0.0,0.0,0.0,0.0,0.0,0.0,0.0,0.0,0.0,0.0,0.0,0.0,0.0,0.0,0.0,0.0,0.0,0.0,0.0,0.0,0.0,0.0,0.0,0.0,0.0,0.0,0.0,0.0,0.0,0.0,0.0,0.0,0.0,0.0,0.0,0.0,0.0,0.0,0.0,0.0,0.0,0.0,0.0,0.0,0.0,0.0,0.0,0.0,0.0,0.0,0.0,0.0,0.0,0.0,0.0,0.0,0.0,0.0,0.0,0.0,0.0,0.0,0.0,0.0,0.0,0.0,0.0,0.0,0.0,0.0,0.0,0.0
0.0,0.0,0.0,0.0,0.0,0.0,0.0,0.0,0.0,0.0,0.0,0.024486919331771995,0.024486919331771995,0.024486919331771995,0.024486919331771995,0.024486919331771995,0.024486919331771995,0.024486919331771995,0.3995024275782255,0.3995024275782255,0.3995024275782255,0.3995024275782255,0.3995024275782255,0.3995024275782255,0.3995024275782255,0.3995024275782255,0.3995024275782255,0.3995024275782255,0.3995024275782255,0.3995024275782255,0.3995024275782255,0.3995024275782255,0.3995024275782255,0.3995024275782255,0.3995024275782255,0.3995024275782255,0.3995024275782255,0.3995024275782255,0.3995024275782255,0.3995024275782255,0.3995024275782255,0.3995024275782255,0.3995024275782255,0.3995024275782255,0.3995024275782255,0.3995024275782255,0.3995024275782255,0.3995024275782255,0.3995024275782255,0.3995024275782255,0.3995024275782255,0.3995024275782255,0.3995024275782255,0.3995024275782255,0.3995024275782255,0.3995024275782255,0.3995024275782255,0.3995024275782255,0.3995024275782255,0.3995024275782255,0.3995024275782255,0.3995024275782255,0.3995024275782255,0.3995024275782255,0.3995024275782255,0.3995024275782255,0.3995024275782255,0.3995024275782255,0.3995024275782255,0.3995024275782255,0.3995024275782255,0.3995024275782255,0.3995024275782255,0.3995024275782255,0.3995024275782255,0.3995024275782255,0.3995024275782255,0.3995024275782255,0.3995024275782255,0.3995024275782255,0.3995024275782255,0.3995024275782255,0.3995024275782255,0.3995024275782255,0.3995024275782255,0.3995024275782255,0.3995024275782255,0.3995024275782255,0.3995024275782255,0.3995024275782255,0.3995024275782255,0.3995024275782255,0.3995024275782255,0.3995024275782255,0.3995024275782255,0.3995024275782255,0.3995024275782255,0.3995024275782255,0.3995024275782255,0.3995024275782255
0.0,0.0,0.0,0.0,0.0,0.0,0.0,0.0,0.0,0.0,0.0,0.0,0.0,0.0,0.0,0.0,0.0,0.0,0.07134956429861808,0.07134956429861808,0.07134956429861808,0.07134956429861808,0.07134956429861808,0.07134956429861808,0.07134956429861808,0.07134956429861808,0.07134956429861808,0.07134956429861808,0.07134956429861808,0.07134956429861808,0.07134956429861808,0.07134956429861808,0.07134956429861808,0.07134956429861808,0.07134956429861808,0.07134956429861808,0.07134956429861808,0.07134956429861808,0.07134956429861808,0.07134956429861808,0.07134956429861808,0.07134956429861808,0.07134956429861808,0.07134956429861808,0.07134956429861808,0.07134956429861808,0.07134956429861808,0.07134956429861808,0.07134956429861808,0.07134956429861808,0.07134956429861808,0.07134956429861808,0.07134956429861808,0.07134956429861808,0.07134956429861808,0.07134956429861808,0.07134956429861808,0.07134956429861808,0.07134956429861808,0.07134956429861808,0.07134956429861808,0.07134956429861808,0.07134956429861808,0.07134956429861808,0.07134956429861808,0.07134956429861808,0.07134956429861808,0.07134956429861808,0.07134956429861808,0.07134956429861808,0.07134956429861808,0.07134956429861808,0.07134956429861808,0.07134956429861808,0.07134956429861808,0.07134956429861808,0.07134956429861808,0.07134956429861808,0.07134956429861808,0.07134956429861808,0.07134956429861808,0.07134956429861808,0.07134956429861808,0.07134956429861808,0.07134956429861808,0.07134956429861808,0.07134956429861808,0.07134956429861808,0.07134956429861808,0.07134956429861808,0.07134956429861808,0.07134956429861808,0.07134956429861808,0.07134956429861808,0.07134956429861808,0.07134956429861808,0.07134956429861808,0.07134956429861808,0.07134956429861808,0.07134956429861808
0.0,0.0,0.0,0.0,0.0,0.0,0.0,0.0,0.0,0.0,0.0,0.0,0.0,0.0,0.0,0.0,0.0,0.0,0.0,0.0,0.0,0.0,0.0,0.0,0.0,0.0,0.0,0.0,0.0,0.0,0.0,0.0,0.0,0.0,0.0,0.0,0.0,0.0,0.0,0.0,0.0,0.0,0.0,0.0,0.0,0.0,0.0,0.0,0.0,0.0,0.0,0.0,0.0,0.0,0.0,0.0,0.0,0.0,0.0,0.0,0.0,0.0,0.0,0.0,0.0,0.0,0.0,0.0,0.0,0.0,0.0,0.0,0.0,0.0,0.0,0.0,0.0,0.0,0.0,0.0,0.0,0.0,0.0,0.0,0.0,0.0,0.0,0.0,0.0,0.0,0.0,0.0,0.0,0.0,0.0,0.0,0.0,0.0,0.0,0.0
0.0,0.0,0.0,0.0,0.0,0.0,0.0,0.0,0.0,0.0,0.0,0.0,0.0,0.0,0.0,0.0,0.0,0.0,0.0,0.0,0.0,0.0,0.0,0.0,0.0,0.0,0.0,0.0,0.0,0.0,0.0,0.0,0.0,0.0,0.0,0.0,0.0,0.0,0.0,0.0,0.0,0.0,0.0,0.0,0.0,0.0,0.0,0.0,0.0,0.0,0.0,0.0,0.0,0.0,0.0,0.0,0.0,0.0,0.0,0.0,0.0,0.0,0.0,0.0,0.0,0.0,0.0,0.0,0.0,0.0,0.0,0.0,0.0,0.0,0.0,0.0,0.0,0.0,0.0,0.0,0.0,0.0,0.0,0.0,0.0,0.0,0.0,0.0,0.0,0.0,0.0,0.0,0.0,0.0,0.0,0.0,0.0,0.0,0.0,0.0
0.0,0.0,0.0,0.0,0.0,0.0,0.0,0.0,0.0,0.0,0.0,0.0,0.0,0.0,0.0,0.0,0.0,0.0,0.0,0.0,0.0,0.0,0.0,0.0,0.0,0.0,0.0,0.0,0.0,0.0,0.0,0.0,0.0,0.0,0.0,0.0,0.0,0.0,0.0,0.0,0.002141281910354841,0.002141281910354841,0.002141281910354841,0.002141281910354841,0.002141281910354841,0.002141281910354841,0.002141281910354841,0.002141281910354841,0.002141281910354841,0.002141281910354841,0.002141281910354841,0.002141281910354841,0.002141281910354841,0.002141281910354841,0.002141281910354841,0.002141281910354841,0.002141281910354841,0.002141281910354841,0.002141281910354841,0.002141281910354841,0.002141281910354841,0.002141281910354841,0.002141281910354841,0.002141281910354841,0.002141281910354841,0.002141281910354841,0.002141281910354841,0.002141281910354841,0.002141281910354841,0.002141281910354841,0.002141281910354841,0.002141281910354841,0.002141281910354841,0.002141281910354841,0.002141281910354841,0.002141281910354841,0.002141281910354841,0.002141281910354841,0.002141281910354841,0.002141281910354841,0.002141281910354841,0.002141281910354841,0.002141281910354841,0.002141281910354841,0.002141281910354841,0.002141281910354841,0.002141281910354841,0.002141281910354841,0.002141281910354841,0.002141281910354841,0.3510365782489931,0.3510365782489931,0.3510365782489931,0.3510365782489931,0.3510365782489931,0.3510365782489931,0.3510365782489931,0.3510365782489931,0.3510365782489931,0.3510365782489931
0.0,0.0,0.0,0.0,0.0,0.0,0.0,0.0,0.0,0.0,0.0,0.0,0.0,0.0,0.0,0.0,0.0,0.008140157938790202,0.008140157938790202,0.008140157938790202,0.008140157938790202,0.008140157938790202,0.008140157938790202,0.008140157938790202,0.008140157938790202,0.16226586590201664,0.16226586590201664,0.16226586590201664,0.16226586590201664,0.16226586590201664,0.16226586590201664,0.16226586590201664,0.16226586590201664,0.16226586590201664,0.16226586590201664,0.16226586590201664,0.16226586590201664,0.16226586590201664,0.16226586590201664,0.16226586590201664,0.16226586590201664,0.16226586590201664,0.16226586590201664,0.16226586590201664,0.16226586590201664,0.16226586590201664,0.16226586590201664,0.16226586590201664,0.16226586590201664,0.16226586590201664,0.16226586590201664,0.16226586590201664,0.16226586590201664,0.16226586590201664,0.16226586590201664,0.16226586590201664,0.16226586590201664,0.16226586590201664,0.16226586590201664,0.16226586590201664,0.16226586590201664,0.16226586590201664,0.16226586590201664,0.16226586590201664,0.16226586590201664,0.16226586590201664,0.16226586590201664,0.16226586590201664,0.16226586590201664,0.16226586590201664,0.16226586590201664,0.16226586590201664,0.16226586590201664,0.16226586590201664,0.16226586590201664,0.16226586590201664,0.16226586590201664,0.16226586590201664,0.16226586590201664,0.16226586590201664,0.16226586590201664,0.16226586590201664,0.16226586590201664,0.16226586590201664,0.16226586590201664,0.16226586590201664,0.16226586590201664,0.16226586590201664,0.16226586590201664,0.16226586590201664,0.16226586590201664,0.16226586590201664,0.16226586590201664,0.16226586590201664,0.16226586590201664,0.16226586590201664,0.16226586590201664,0.16226586590201664,0.16226586590201664,0.16226586590201664
0.0,0.0,0.0,0.0,0.0,0.0,0.0,0.0,0.0,0.0,0.0,0.0,0.0,0.0,0.0,0.0,0.0,0.0,0.0,0.0,0.0,0.0,0.0,0.0,0.3148102430567524,0.3148102430567524,0.3148102430567524,0.3148102430567524,0.3148102430567524,0.3148102430567524,0.3148102430567524,0.3148102430567524,0.3148102430567524,0.3148102430567524,0.3148102430567524,0.3148102430567524,0.3148102430567524,0.3148102430567524,0.3148102430567524,0.3148102430567524,0.3148102430567524,0.3148102430567524,0.3148102430567524,0.3148102430567524,0.3148102430567524,0.3148102430567524,0.3148102430567524,0.3148102430567524,0.3148102430567524,0.3148102430567524,0.3148102430567524,0.3148102430567524,0.3148102430567524,0.3148102430567524,0.3148102430567524,0.3148102430567524,0.3148102430567524,0.3148102430567524,0.3148102430567524,0.3148102430567524,0.3148102430567524,0.3148102430567524,0.3148102430567524,0.3148102430567524,0.3148102430567524,0.3148102430567524,0.3148102430567524,0.3148102430567524,0.3148102430567524,0.3148102430567524,0.3148102430567524,0.3148102430567524,0.3148102430567524,0.3148102430567524,0.3148102430567524,0.3148102430567524,0.3148102430567524,0.3148102430567524,0.3148102430567524,0.3148102430567524,0.3148102430567524,0.3148102430567524,0.3148102430567524,0.3148102430567524,0.3148102430567524,0.3148102430567524,0.3148102430567524,0.3148102430567524,0.3148102430567524,0.3148102430567524,0.3148102430567524,0.3148102430567524,0.3148102430567524,0.3148102430567524,0.3148102430567524,0.3148102430567524,0.3148102430567524,0.3148102430567524,0.3148102430567524,0.3148102430567524
0.0,0.0,0.0,0.0,0.0,0.0,0.0,0.0,0.0,0.0,0.0,0.0,0.0,0.008130695482491786,0.008130695482491786,0.008130695482491786,0.008130695482491786,0.008130695482491786,0.008130695482491786,0.008130695482491786,0.013688942558008819,0.013688942558008819,0.013688942558008819,0.013688942558008819,0.013688942558008819,0.013688942558008819,0.013688942558008819,0.013688942558008819,0.013688942558008819,0.013688942558008819,0.013688942558008819,0.04299444883623436,0.04299444883623436,0.04299444883623436,0.04299444883623436,0.04299444883623436,0.04299444883623436,0.04299444883623436,0.04299444883623436,0.04299444883623436,0.04299444883623436,0.04299444883623436,0.04299444883623436,0.04299444883623436,0.04299444883623436,0.04299444883623436,0.04299444883623436,0.04299444883623436,0.04299444883623436,0.04299444883623436,0.04299444883623436,0.04299444883623436,0.04299444883623436,0.04299444883623436,0.04299444883623436,0.04299444883623436,0.04299444883623436,0.04299444883623436,0.04299444883623436,0.04299444883623436,0.04299444883623436,0.04299444883623436,0.04299444883623436,0.04299444883623436,0.04299444883623436,0.04299444883623436,0.04299444883623436,0.04299444883623436,0.04299444883623436,0.04299444883623436,0.04299444883623436,0.04299444883623436,0.04299444883623436,0.04299444883623436,0.04299444883623436,0.04299444883623436,0.04299444883623436,0.04299444883623436,0.04299444883623436,0.04299444883623436,0.04299444883623436,0.2614604177546155,0.2614604177546155,0.2614604177546155,0.2614604177546155,0.2614604177546155,0.2614604177546155,0.2614604177546155,0.2614604177546155,0.2614604177546155,0.2614604177546155,0.2614604177546155,0.2614604177546155,0.2614604177546155,0.2614604177546155,0.2614604177546155,0.2614604177546155,0.2614604177546155,0.2614604177546155,0.2614604177546155
0.0,0.0,0.0,0.0,0.0,0.0,0.0,0.0,0.0,0.0,0.0,0.0,0.0,0.0,0.0,0.0,0.0,0.005488209963130708,0.005488209963130708,0.005488209963130708,0.005488209963130708,0.005488209963130708,0.005488209963130708,0.005488209963130708,0.005488209963130708,0.005488209963130708,0.13967164126191475,0.13967164126191475,0.13967164126191475,0.13967164126191475,0.13967164126191475,0.13967164126191475,0.13967164126191475,0.13967164126191475,0.13967164126191475,0.13967164126191475,0.13967164126191475,0.13967164126191475,0.13967164126191475,0.13967164126191475,0.13967164126191475,0.13967164126191475,0.13967164126191475,0.13967164126191475,0.13967164126191475,0.13967164126191475,0.13967164126191475,0.13967164126191475,0.13967164126191475,0.13967164126191475,0.13967164126191475,0.13967164126191475,0.13967164126191475,0.13967164126191475,0.13967164126191475,0.13967164126191475,0.13967164126191475,0.13967164126191475,0.13967164126191475,0.13967164126191475,0.13967164126191475,0.13967164126191475,0.13967164126191475,0.13967164126191475,0.13967164126191475,0.13967164126191475,0.13967164126191475,0.13967164126191475,0.13967164126191475,0.13967164126191475,0.13967164126191475,0.13967164126191475,0.13967164126191475,0.13967164126191475,0.13967164126191475,0.13967164126191475,0.13967164126191475,0.13967164126191475,0.13967164126191475,0.13967164126191475,0.13967164126191475,0.13967164126191475,0.13967164126191475,0.13967164126191475,0.13967164126191475,0.13967164126191475,0.13967164126191475,0.13967164126191475,0.13967164126191475,0.13967164126191475,0.13967164126191475,0.13967164126191475,0.13967164126191475,0.13967164126191475,0.13967164126191475,0.13967164126191475,0.13967164126191475,0.13967164126191475,0.13967164126191475,0.13967164126191475
0.0,0.0,0.0,0.0,0.0,0.0,0.0,0.0,0.0,0.0,0.0,0.0,0.0,0.0,0.0,0.0,0.0,0.0,0.0,0.0,0.0,0.0,0.0,0.006717852831644865,0.006717852831644865,0.008991663795993044,0.008991663795993044,0.008991663795993044,0.008991663795993044,0.008991663795993044,0.008991663795993044,0.008991663795993044,0.008991663795993044,0.014311399327809643,0.014311399327809643,0.014311399327809643,0.014311399327809643,0.014311399327809643,0.014311399327809643,0.014311399327809643,0.014311399327809643,0.014311399327809643,0.014311399327809643,0.014311399327809643,0.014311399327809643,0.014311399327809643,0.014311399327809643,0.014311399327809643,0.014311399327809643,0.014311399327809643,0.1722046407289716,0.1722046407289716,0.1722046407289716,0.1722046407289716,0.1722046407289716,0.1722046407289716,0.1722046407289716,0.1722046407289716,0.1722046407289716,0.1722046407289716,0.1722046407289716,0.1722046407289716,0.1722046407289716,0.1722046407289716,0.1722046407289716,0.1722046407289716,0.1722046407289716,0.1722046407289716,0.1722046407289716,0.1722046407289716,0.1722046407289716,0.1722046407289716,0.1722046407289716,0.1722046407289716,0.1722046407289716,0.1722046407289716,0.1722046407289716,0.1722046407289716,0.1722046407289716,0.1722046407289716,0.1722046407289716,0.1722046407289716,0.1722046407289716,0.1722046407289716,0.1722046407289716,0.1722046407289716,0.1722046407289716,0.1722046407289716,0.1722046407289716,0.1722046407289716,0.1722046407289716,0.1722046407289716,0.1722046407289716,0.1722046407289716,0.1722046407289716,0.1722046407289716,0.1722046407289716,0.1722046407289716,0.1722046407289716,0.1722046407289716
0.0,0.0,0.0,0.0,0.0,0.0,0.0,0.0,0.0,0.0,0.0,0.0,0.0,0.0,0.0,0.0,0.0,0.0,0.0,0.0,0.0,0.0,0.0,0.0,0.0,0.0,0.0,0.0,0.0,0.0,0.0,0.0,0.0,0.0,0.0,0.0,0.0,0.0,0.0,0.0,0.0,0.0,0.033980559987139315,0.033980559987139315,0.033980559987139315,0.033980559987139315,0.033980559987139315,0.033980559987139315,0.033980559987139315,0.033980559987139315,0.033980559987139315,0.033980559987139315,0.033980559987139315,0.033980559987139315,0.033980559987139315,0.033980559987139315,0.033980559987139315,0.033980559987139315,0.033980559987139315,0.033980559987139315,0.033980559987139315,0.033980559987139315,0.033980559987139315,0.033980559987139315,0.033980559987139315,0.033980559987139315,0.033980559987139315,0.033980559987139315,0.033980559987139315,0.033980559987139315,0.033980559987139315,0.033980559987139315,0.033980559987139315,0.033980559987139315,0.033980559987139315,0.033980559987139315,0.033980559987139315,0.033980559987139315,0.033980559987139315,0.033980559987139315,0.033980559987139315,0.033980559987139315,0.033980559987139315,0.033980559987139315,0.033980559987139315,0.033980559987139315,0.033980559987139315,0.033980559987139315,0.033980559987139315,0.033980559987139315,0.033980559987139315,0.033980559987139315,0.033980559987139315,0.033980559987139315,0.033980559987139315,0.033980559987139315,0.033980559987139315,0.033980559987139315,0.033980559987139315,0.033980559987139315
0.0,0.0,0.0,0.0,0.0,0.0,0.0,0.0,0.0,0.0,0.0,0.0,0.0,0.0,0.0,0.0,0.0,0.0,0.0,0.0,0.0,0.0,0.0,0.0,0.0,0.0,0.0,0.0,0.0,0.0,0.0,0.0,0.0,0.0,0.0,0.0,0.0,0.0,0.0,0.0,0.0,0.0,0.0,0.17640636696267753,0.17640636696267753,0.17640636696267753,0.17640636696267753,0.17640636696267753,0.17640636696267753,0.17640636696267753,0.17640636696267753,0.17640636696267753,0.17640636696267753,0.17640636696267753,0.17640636696267753,0.17640636696267753,0.17640636696267753,0.17640636696267753,0.17640636696267753,0.17640636696267753,0.17640636696267753,0.17640636696267753,0.17640636696267753,0.17640636696267753,0.17640636696267753,0.17640636696267753,0.17640636696267753,0.17640636696267753,0.17640636696267753,0.17640636696267753,0.17640636696267753,0.17640636696267753,0.17640636696267753,0.17640636696267753,0.17640636696267753,0.17640636696267753,0.17640636696267753,0.17640636696267753,0.17640636696267753,0.17640636696267753,0.17640636696267753,0.17640636696267753,0.17640636696267753,0.17640636696267753,0.17640636696267753,0.17640636696267753,0.17640636696267753,0.17640636696267753,0.17640636696267753,0.17640636696267753,0.17640636696267753,0.17640636696267753,0.17640636696267753,0.17640636696267753,0.17640636696267753,0.17640636696267753,0.17640636696267753,0.17640636696267753,0.17640636696267753,0.17640636696267753
0.0,0.0,0.0,0.0,0.0,0.0,0.0,0.0,0.0,0.0,0.0,0.0,0.0,0.0,0.0,0.0,0.0,0.0,0.0,0.0,0.0,0.0,0.0,0.0,0.0,0.0,0.0,0.0,0.0,0.0,0.0,0.0,0.0,0.0,0.0,0.0,0.0,0.0,0.0,0.0,0.0,0.0,0.0,0.0,0.0,0.0,0.0,0.0,0.0,0.0,0.0,0.0,0.0,0.0,0.0,0.0,0.0,0.0,0.0,0.0,0.0,0.0,0.0,0.0,0.0,0.0,0.0,0.0,0.0,0.0,0.0,0.0,0.0,0.0,0.0,0.0,0.0,0.0,0.0,0.0,0.0,0.0,0.0,0.0,0.0,0.0,0.0,0.0,0.0,0.0,0.0,0.0,0.0,0.07286468501820798,0.07286468501820798,0.07286468501820798,0.07286468501820798,0.07286468501820798,0.07286468501820798,0.07286468501820798
0.0,0.0,0.0,0.0,0.0,0.0,0.0,0.0,0.0,0.0,0.0,0.0,0.0,0.0,0.0,0.0,0.0,0.0,0.0,0.0,0.0,0.0,0.0,0.0,0.0,0.0,0.0,0.0,0.0,0.0,0.0,0.0,0.0,0.0,0.0,0.0,0.0,0.0,0.0,0.0,0.0,0.0,0.0,0.0,0.0,0.0,0.0,0.0,0.0,0.0,0.0,0.0,0.0,0.0,0.0,0.0,0.0,0.0,0.0,0.0,0.0,0.0,0.0,0.0,0.0,0.0,0.0,0.0,0.0,0.0,0.0,0.0,0.0,0.0,0.0,0.0,0.0,0.0,0.0,0.0,0.0,0.0,0.0,0.0,0.0,0.0,0.0,0.0,0.0,0.0,0.0,0.0,0.0,0.0,0.0,0.0,0.0,0.0,0.0,0.0
0.0,0.0,0.0,0.0,0.0,0.0,0.0,0.0,0.0,0.0,0.0,0.0,0.0,0.0,0.0,0.0,0.0,0.0,0.0,0.0,0.0,0.0,0.47891356079205705,0.47891356079205705,0.47891356079205705,0.47891356079205705,0.47891356079205705,0.47891356079205705,0.47891356079205705,0.47891356079205705,0.47891356079205705,0.47891356079205705,0.47891356079205705,0.47891356079205705,0.47891356079205705,0.47891356079205705,0.47891356079205705,0.47891356079205705,0.47891356079205705,0.47891356079205705,0.47891356079205705,0.47891356079205705,0.47891356079205705,0.47891356079205705,0.47891356079205705,0.47891356079205705,0.47891356079205705,0.47891356079205705,0.47891356079205705,0.47891356079205705,0.47891356079205705,0.47891356079205705,0.47891356079205705,0.47891356079205705,0.47891356079205705,0.47891356079205705,0.47891356079205705,0.47891356079205705,0.47891356079205705,0.47891356079205705,0.47891356079205705,0.47891356079205705,0.47891356079205705,0.47891356079205705,0.47891356079205705,0.47891356079205705,0.47891356079205705,0.47891356079205705,0.47891356079205705,0.47891356079205705,0.47891356079205705,0.47891356079205705,0.47891356079205705,0.47891356079205705,0.47891356079205705,0.47891356079205705,0.47891356079205705,0.47891356079205705,0.47891356079205705,0.47891356079205705,0.47891356079205705,0.47891356079205705,0.47891356079205705,0.47891356079205705,0.47891356079205705,0.47891356079205705,0.47891356079205705,0.47891356079205705,0.47891356079205705,0.47891356079205705,0.47891356079205705,0.47891356079205705,0.47891356079205705,0.47891356079205705,0.47891356079205705,0.47891356079205705,0.47891356079205705,0.47891356079205705,0.47891356079205705,0.47891356079205705
0.0,0.0,0.0,0.0,0.0,0.0,0.0,0.0,0.0,0.0,0.0,0.0,0.0,0.0,0.0,0.0,0.0,0.0,0.0,0.0,0.0,0.0,0.0,0.0,0.0,0.0,0.0,0.0,0.0,0.0,0.0,0.0,0.0,0.11622991778221285,0.11622991778221285,0.11622991778221285,0.11622991778221285,0.11622991778221285,0.11622991778221285,0.11622991778221285,0.11622991778221285,0.11622991778221285,0.11622991778221285,0.11622991778221285,0.11622991778221285,0.11622991778221285,0.11622991778221285,0.11622991778221285,0.11622991778221285,0.11622991778221285,0.11622991778221285,0.11622991778221285,0.11622991778221285,0.11622991778221285,0.11622991778221285,0.11622991778221285,0.11622991778221285,0.11622991778221285,0.11622991778221285,0.11622991778221285,0.11622991778221285,0.11622991778221285,0.11622991778221285,0.11622991778221285,0.11622991778221285,0.11622991778221285,0.11622991778221285,0.11622991778221285,0.11622991778221285,0.11622991778221285,0.11622991778221285,0.11622991778221285,0.11622991778221285,0.11622991778221285,0.11622991778221285,0.11622991778221285,0.11622991778221285,0.11622991778221285,0.11622991778221285,0.11622991778221285,0.11622991778221285,0.11622991778221285,0.11622991778221285,0.11622991778221285,0.11622991778221285,0.11622991778221285,0.11622991778221285,0.11622991778221285,0.11622991778221285,0.11622991778221285,0.11622991778221285,0.11622991778221285,0.11622991778221285,0.11622991778221285,0.11622991778221285,0.11622991778221285,0.11622991778221285,0.11622991778221285,0.11622991778221285,0.11622991778221285
0.0,0.0,0.0,0.0,0.0011485346585157561,0.0011485346585157561,0.0011485346585157561,0.0011485346585157561,0.0011485346585157561,0.0011485346585157561,0.0011485346585157561,0.0011485346585157561,0.0011485346585157561,0.0011485346585157561,0.0011485346585157561,0.0011485346585157561,0.0011485346585157561,0.0011485346585157561,0.0011485346585157561,0.0011485346585157561,0.0011485346585157561,0.0011485346585157561,0.0011485346585157561,0.16337661499121062,0.16337661499121062,0.16337661499121062,0.16337661499121062,0.16337661499121062,0.16337661499121062,0.16337661499121062,0.16337661499121062,0.16337661499121062,0.16337661499121062,0.16337661499121062,0.16337661499121062,0.16337661499121062,0.16337661499121062,0.16337661499121062,0.16337661499121062,0.16337661499121062,0.16337661499121062,0.16337661499121062,0.16337661499121062,0.16337661499121062,0.16337661499121062,0.16337661499121062,0.16337661499121062,0.16337661499121062,0.16337661499121062,0.16337661499121062,0.16337661499121062,0.16337661499121062,0.16337661499121062,0.16337661499121062,0.16337661499121062,0.16337661499121062,0.16337661499121062,0.16337661499121062,0.16337661499121062,0.16337661499121062,0.16337661499121062,0.16337661499121062,0.16337661499121062,0.16337661499121062,0.16337661499121062,0.16337661499121062,0.16337661499121062,0.16337661499121062,0.16337661499121062,0.16337661499121062,0.16337661499121062,0.16337661499121062,0.16337661499121062,0.16337661499121062,0.16337661499121062,0.16337661499121062,0.16337661499121062,0.16337661499121062,0.16337661499121062,0.16337661499121062,0.16337661499121062,0.16337661499121062,0.16337661499121062,0.16337661499121062,0.16337661499121062,0.16337661499121062,0.16337661499121062,0.16337661499121062,0.16337661499121062,0.16337661499121062,0.16337661499121062,0.16337661499121062,0.16337661499121062,0.16337661499121062,0.16337661499121062,0.16337661499121062,0.16337661499121062,0.16337661499121062,0.16337661499121062,0.16337661499121062
0.0,0.0,0.0,0.0,0.0,0.0,0.0,0.0,0.0,0.0,0.0,0.017565234106704877,0.017565234106704877,0.017565234106704877,0.017565234106704877,0.017565234106704877,0.017565234106704877,0.017565234106704877,0.017565234106704877,0.017565234106704877,0.017565234106704877,0.038853386829928595,0.038853386829928595,0.038853386829928595,0.038853386829928595,0.038853386829928595,0.038853386829928595,0.038853386829928595,0.038853386829928595,0.038853386829928595,0.21071182546562692,0.21071182546562692,0.21071182546562692,0.21071182546562692,0.21071182546562692,0.21071182546562692,0.21071182546562692,0.21071182546562692,0.21071182546562692,0.21071182546562692,0.21071182546562692,0.21071182546562692,0.21071182546562692,0.21071182546562692,0.21071182546562692,0.21071182546562692,0.21071182546562692,0.21071182546562692,0.21071182546562692,0.21071182546562692,0.21071182546562692,0.21071182546562692,0.21071182546562692,0.21071182546562692,0.21071182546562692,0.21071182546562692,0.21071182546562692,0.21071182546562692,0.21071182546562692,0.21071182546562692,0.21071182546562692,0.21071182546562692,0.21071182546562692,0.21071182546562692,0.21071182546562692,0.21071182546562692,0.21071182546562692,0.21071182546562692,0.21071182546562692,0.21071182546562692,0.21071182546562692,0.21071182546562692,0.21071182546562692,0.21071182546562692,0.21071182546562692,0.21071182546562692,0.21071182546562692,0.21071182546562692,0.21071182546562692,0.21071182546562692,0.21071182546562692,0.21071182546562692,0.21071182546562692,0.21071182546562692,0.21071182546562692,0.21071182546562692,0.21071182546562692,0.21071182546562692,0.21071182546562692,0.21071182546562692,0.21071182546562692,0.21071182546562692,0.21071182546562692,0.21071182546562692,0.21071182546562692,0.21071182546562692,0.21071182546562692,0.21071182546562692,0.21071182546562692,0.21071182546562692
0.0,0.0,0.0,0.0,0.0,0.0,0.0,0.0,0.00606491402343327,0.00606491402343327,0.00606491402343327,0.00606491402343327,0.00606491402343327,0.00606491402343327,0.00606491402343327,0.00606491402343327,0.00606491402343327,0.00606491402343327,0.00606491402343327,0.00606491402343327,0.00606491402343327,0.00606491402343327,0.00606491402343327,0.00606491402343327,0.00606491402343327,0.12054766117715672,0.12054766117715672,0.12054766117715672,0.12054766117715672,0.12054766117715672,0.12054766117715672,0.12054766117715672,0.12054766117715672,0.12054766117715672,0.12054766117715672,0.12054766117715672,0.12054766117715672,0.12054766117715672,0.12054766117715672,0.12054766117715672,0.12054766117715672,0.12054766117715672,0.12054766117715672,0.12054766117715672,0.12054766117715672,0.12054766117715672,0.12054766117715672,0.12054766117715672,0.12054766117715672,0.12054766117715672,0.12054766117715672,0.12054766117715672,0.12054766117715672,0.12054766117715672,0.12054766117715672,0.12054766117715672,0.12054766117715672,0.12054766117715672,0.12054766117715672,0.12054766117715672,0.12054766117715672,0.12054766117715672,0.12054766117715672,0.12054766117715672,0.12054766117715672,0.12054766117715672,0.12054766117715672,0.12054766117715672,0.12054766117715672,0.12054766117715672,0.12054766117715672,0.12054766117715672,0.12054766117715672,0.12054766117715672,0.12054766117715672,0.12054766117715672,0.12054766117715672,0.12054766117715672,0.12054766117715672,0.12054766117715672,0.12054766117715672,0.12054766117715672,0.12054766117715672,0.12054766117715672,0.1594755202909056,0.1594755202909056,0.1594755202909056,0.1594755202909056,0.1594755202909056,0.1594755202909056,0.1594755202909056,0.1594755202909056,0.1594755202909056,0.1594755202909056,0.1594755202909056,0.1594755202909056,0.1594755202909056,0.1594755202909056,0.1594755202909056,0.1594755202909056
0.0,0.0,0.0,0.0,0.0,0.0,0.0,0.0,0.0,0.0,0.0,0.0,0.0,0.0,0.0,0.0,0.0,0.0,0.0,0.0,0.0,0.0,0.0,0.0,0.0,0.0,0.0,0.0,0.0,0.0,0.0,0.0,0.0,0.0,0.0,0.0,0.0,0.0,0.0,0.0,0.0,0.0,0.0,0.0,0.0,0.0,0.0,0.0,0.0,0.0,0.0,0.0,0.0,0.0,0.0,0.0,0.0,0.0,0.0,0.0,0.0,0.0,0.0,0.0,0.0,0.0,0.0,0.0,0.0,0.0,0.0,0.0,0.0,0.0,0.0,0.0,0.0,0.0,0.0,0.0,0.0,0.0,0.0,0.0,0.0,0.0,0.0,0.0,0.0,0.0,0.0,0.0,0.0,0.0,0.0,0.0,0.0,0.0,0.0,0.0
0.0,0.0,0.0,0.0,0.0,0.0,0.0,0.0,0.0,0.0,0.0,0.0,0.0,0.0,0.0,0.0,0.0,0.0,0.008599151213303546,0.008599151213303546,0.008599151213303546,0.008599151213303546,0.04222529852072929,0.04222529852072929,0.04222529852072929,0.04222529852072929,0.04222529852072929,0.04222529852072929,0.04222529852072929,0.07020374809934174,0.07020374809934174,0.07020374809934174,0.07020374809934174,0.07020374809934174,0.07020374809934174,0.07020374809934174,0.07020374809934174,0.07020374809934174,0.07020374809934174,0.07020374809934174,0.07020374809934174,0.07020374809934174,0.07020374809934174,0.07020374809934174,0.07020374809934174,0.07020374809934174,0.07020374809934174,0.07020374809934174,0.07020374809934174,0.07020374809934174,0.07020374809934174,0.07020374809934174,0.07020374809934174,0.07020374809934174,0.07020374809934174,0.07020374809934174,0.07020374809934174,0.07020374809934174,0.07020374809934174,0.07020374809934174,0.07020374809934174,0.07020374809934174,0.07020374809934174,0.07020374809934174,0.07020374809934174,0.07020374809934174,0.07020374809934174,0.07020374809934174,0.07020374809934174,0.07020374809934174,0.07020374809934174,0.07020374809934174,0.07020374809934174,0.07020374809934174,0.07020374809934174,0.07020374809934174,0.07020374809934174,0.07020374809934174,0.07020374809934174,0.07020374809934174,0.07020374809934174,0.07020374809934174,0.07020374809934174,0.07020374809934174,0.07020374809934174,0.07020374809934174,0.07020374809934174,0.07020374809934174,0.07020374809934174,0.07020374809934174,0.07020374809934174,0.07020374809934174,0.07020374809934174,0.07020374809934174,0.07020374809934174,0.07020374809934174,0.07020374809934174,0.07020374809934174,0.07020374809934174,0.07020374809934174
0.0,0.0,0.0,0.0,0.0,0.0,0.0,0.0,0.0,0.0,0.0,0.0,0.0,0.0,0.0,0.0,0.0,0.0,0.0,0.0,0.0,0.0,0.0,0.0,0.0,0.0,0.0,0.0,0.0,0.0,0.0,0.0,0.0,0.0,0.0,0.0,0.0,0.0,0.0,0.0,0.0,0.0,0.0,0.0,0.0,0.0,0.0,0.0,0.0,0.0,0.0,0.0,0.0,0.0,0.0,0.0,0.0,0.0,0.0,0.0,0.0,0.0,0.0,0.0,0.0,0.0,0.0,0.0,0.0,0.0,0.0,0.0,0.0,0.0,0.0,0.0,0.0,0.13998437399750166,0.13998437399750166,0.13998437399750166,0.13998437399750166,0.13998437399750166,0.13998437399750166,0.13998437399750166,0.13998437399750166,0.13998437399750166,0.13998437399750166,0.13998437399750166,0.13998437399750166,0.13998437399750166,0.13998437399750166,0.13998437399750166,0.13998437399750166,0.13998437399750166,0.13998437399750166,0.13998437399750166,0.13998437399750166,0.13998437399750166,0.13998437399750166,0.13998437399750166
0.0,0.0,0.0,0.0,0.0,0.0,0.0,0.0,0.0,0.0,0.0,0.0,0.0,0.0,0.0,0.0,0.0,0.0,0.0,0.0,0.0,0.0,0.0,0.0,0.0,0.0,0.0,0.0,0.004859079847761807,0.004859079847761807,0.004859079847761807,0.004859079847761807,0.3648956734825048,0.3648956734825048,0.3648956734825048,0.3648956734825048,0.3648956734825048,0.3648956734825048,0.3648956734825048,0.3648956734825048,0.3648956734825048,0.3648956734825048,0.3648956734825048,0.3648956734825048,0.3648956734825048,0.3648956734825048,0.3648956734825048,0.3648956734825048,0.3648956734825048,0.3648956734825048,0.3648956734825048,0.3648956734825048,0.3648956734825048,0.3648956734825048,0.3648956734825048,0.3648956734825048,0.3648956734825048,0.3648956734825048,0.3648956734825048,0.3648956734825048,0.3648956734825048,0.3648956734825048,0.3648956734825048,0.3648956734825048,0.3648956734825048,0.3648956734825048,0.3648956734825048,0.3648956734825048,0.3648956734825048,0.3648956734825048,0.3648956734825048,0.3648956734825048,0.3648956734825048,0.3648956734825048,0.3648956734825048,0.3648956734825048,0.3648956734825048,0.3648956734825048,0.3648956734825048,0.3648956734825048,0.3648956734825048,0.3648956734825048,0.3648956734825048,0.3648956734825048,0.3648956734825048,0.3648956734825048,0.3648956734825048,0.3648956734825048,0.3648956734825048,0.3648956734825048,0.3648956734825048,0.3648956734825048,0.3648956734825048,0.3648956734825048,0.3648956734825048,0.3648956734825048,0.3648956734825048,0.3648956734825048,0.3648956734825048,0.3648956734825048
0.0,0.0,0.0,0.0,0.0,0.0,0.0,0.0,0.0,0.0,0.0,0.0,0.0,0.0,0.0,0.0,0.0,0.0,0.0,0.0,0.0,0.0,0.0,0.0,0.0,0.0,0.0,0.0,0.0,0.0,0.0,0.0,0.0,0.0,0.0,0.0,0.0,0.0,0.0,0.0,0.0,0.0,0.0,0.0,0.0,0.0,0.0,0.0,0.0,0.0,0.0,0.0,0.0,0.0,0.0,0.0,0.0,0.0,0.0,0.0,0.0,0.0,0.0,0.0,0.0,0.0,0.0,0.0,0.0,0.0,0.0,0.0,0.0,0.0,0.0,0.0,0.0,0.0,0.0,0.0,0.0,0.0,0.0,0.0,0.0,0.0,0.0,0.0,0.0,0.0,0.0,0.0,0.0,0.0,0.0,0.0,0.0,0.0,0.0,0.0
0.0,0.0,0.0,0.0,0.0,0.0,0.0,0.0,0.0,0.0,0.0,0.0,0.0,0.0,0.0,0.0,0.0,0.0,0.0,0.0,0.0,0.0,0.0,0.0,0.0,0.0,0.0,0.047702485109182444,0.047702485109182444,0.047702485109182444,0.047702485109182444,0.047702485109182444,0.047702485109182444,0.047702485109182444,0.047702485109182444,0.047702485109182444,0.047702485109182444,0.047702485109182444,0.047702485109182444,0.047702485109182444,0.047702485109182444,0.047702485109182444,0.047702485109182444,0.047702485109182444,0.047702485109182444,0.047702485109182444,0.047702485109182444,0.047702485109182444,0.047702485109182444,0.047702485109182444,0.047702485109182444,0.047702485109182444,0.047702485109182444,0.047702485109182444,0.047702485109182444,0.047702485109182444,0.047702485109182444,0.047702485109182444,0.047702485109182444,0.047702485109182444,0.047702485109182444,0.047702485109182444,0.047702485109182444,0.047702485109182444,0.047702485109182444,0.047702485109182444,0.047702485109182444,0.047702485109182444,0.047702485109182444,0.047702485109182444,0.047702485109182444,0.047702485109182444,0.047702485109182444,0.047702485109182444,0.047702485109182444,0.047702485109182444,0.047702485109182444,0.047702485109182444,0.047702485109182444,0.047702485109182444,0.047702485109182444,0.047702485109182444,0.047702485109182444,0.047702485109182444,0.047702485109182444,0.047702485109182444,0.047702485109182444,0.047702485109182444,0.047702485109182444,0.047702485109182444,0.047702485109182444,0.047702485109182444,0.047702485109182444,0.047702485109182444,0.047702485109182444,0.047702485109182444,0.047702485109182444,0.047702485109182444,0.047702485109182444,0.047702485109182444
0.0,0.0,0.0,0.0,0.0,0.0,0.0,0.0,0.0,0.0,0.0,0.0,0.0,0.0,0.0,0.0,0.0,0.0,0.0,0.0,0.0,0.0,0.0,0.0,0.0,0.0,0.0,0.4673847275149385,0.4673847275149385,0.4673847275149385,0.4673847275149385,0.4673847275149385,0.4673847275149385,0.4673847275149385,0.4673847275149385,0.4673847275149385,0.4673847275149385,0.4673847275149385,0.4673847275149385,0.4673847275149385,0.4673847275149385,0.4673847275149385,0.4673847275149385,0.4673847275149385,0.4673847275149385,0.4673847275149385,0.4673847275149385,0.4673847275149385,0.4673847275149385,0.4673847275149385,0.4673847275149385,0.4673847275149385,0.4673847275149385,0.4673847275149385,0.4673847275149385,0.4673847275149385,0.4673847275149385,0.4673847275149385,0.4673847275149385,0.4673847275149385,0.4673847275149385,0.4673847275149385,0.4673847275149385,0.4673847275149385,0.4673847275149385,0.4673847275149385,0.4673847275149385,0.4673847275149385,0.4673847275149385,0.4673847275149385,0.4673847275149385,0.4673847275149385,0.4673847275149385,0.4673847275149385,0.4673847275149385,0.4673847275149385,0.4673847275149385,0.4673847275149385,0.4673847275149385,0.4673847275149385,0.4673847275149385,0.4673847275149385,0.4673847275149385,0.4673847275149385,0.4673847275149385,0.4673847275149385,0.4673847275149385,0.4673847275149385,0.4673847275149385,0.4673847275149385,0.4673847275149385,0.4673847275149385,0.4673847275149385,0.4673847275149385,0.4673847275149385,0.4673847275149385,0.4673847275149385,0.4673847275149385,0.4673847275149385,0.4673847275149385
0.0,0.0,0.0,0.0,0.0,0.0,0.0,0.0,0.0,0.0,0.0,0.0,0.0,0.0,0.0,0.0031805189307472473,0.0031805189307472473,0.0031805189307472473,0.0031805189307472473,0.0031805189307472473,0.0031805189307472473,0.0031805189307472473,0.0031805189307472473,0.0031805189307472473,0.0031805189307472473,0.0031805189307472473,0.0031805189307472473,0.0031805189307472473,0.0031805189307472473,0.0031805189307472473,0.0031805189307472473,0.0031805189307472473,0.0031805189307472473,0.0031805189307472473,0.0031805189307472473,0.0031805189307472473,0.0031805189307472473,0.0031805189307472473,0.0031805189307472473,0.0031805189307472473,0.0031805189307472473,0.0031805189307472473,0.0031805189307472473,0.0031805189307472473,0.0031805189307472473,0.0031805189307472473,0.0031805189307472473,0.0031805189307472473,0.0031805189307472473,0.0031805189307472473,0.0031805189307472473,0.0031805189307472473,0.0031805189307472473,0.0031805189307472473,0.0031805189307472473,0.028852137426699148,0.028852137426699148,0.028852137426699148,0.028852137426699148,0.028852137426699148,0.028852137426699148,0.028852137426699148,0.028852137426699148,0.028852137426699148,0.028852137426699148,0.028852137426699148,0.028852137426699148,0.028852137426699148,0.028852137426699148,0.028852137426699148,0.028852137426699148,0.028852137426699148,0.028852137426699148,0.028852137426699148,0.028852137426699148,0.028852137426699148,0.028852137426699148,0.028852137426699148,0.028852137426699148,0.028852137426699148,0.028852137426699148,0.028852137426699148,0.028852137426699148,0.028852137426699148,0.028852137426699148,0.028852137426699148,0.028852137426699148,0.028852137426699148,0.028852137426699148,0.028852137426699148,0.028852137426699148,0.028852137426699148,0.028852137426699148,0.028852137426699148,0.028852137426699148,0.028852137426699148,0.028852137426699148,0.028852137426699148,0.028852137426699148,0.028852137426699148
0.0,0.0,0.0,0.0,0.0,0.0,0.0,0.0,0.0,0.0,0.0,0.0,0.0,0.0,0.0,0.0,0.0,0.0,0.0,0.0,0.0,0.3656437062048224,0.3656437062048224,0.3656437062048224,0.3656437062048224,0.3656437062048224,0.3656437062048224,0.3656437062048224,0.3656437062048224,0.3656437062048224,0.3656437062048224,0.3656437062048224,0.3656437062048224,0.3656437062048224,0.3656437062048224,0.3656437062048224,0.3656437062048224,0.3656437062048224,0.3656437062048224,0.3656437062048224,0.3656437062048224,0.3656437062048224,0.3656437062048224,0.3656437062048224,0.3656437062048224,0.3656437062048224,0.3656437062048224,0.3656437062048224,0.3656437062048224,0.3656437062048224,0.3656437062048224,0.3656437062048224,0.3656437062048224,0.3656437062048224,0.3656437062048224,0.3656437062048224,0.3656437062048224,0.3656437062048224,0.3656437062048224,0.3656437062048224,0.3656437062048224,0.3656437062048224,0.3656437062048224,0.3656437062048224,0.3656437062048224,0.3656437062048224,0.3656437062048224,0.3656437062048224,0.3656437062048224,0.3656437062048224,0.3656437062048224,0.3656437062048224,0.3656437062048224,0.3656437062048224,0.3656437062048224,0.3656437062048224,0.3656437062048224,0.3656437062048224,0.3656437062048224,0.3656437062048224,0.3656437062048224,0.3656437062048224,0.3656437062048224,0.3656437062048224,0.3656437062048224,0.3656437062048224,0.3656437062048224,0.3656437062048224,0.3656437062048224,0.3656437062048224,0.3656437062048224,0.3656437062048224,0.3656437062048224,0.3656437062048224,0.3656437062048224,0.3656437062048224,0.3656437062048224,0.3656437062048224,0.3656437062048224,0.3656437062048224
0.0,0.0,0.0,0.0,0.0,0.0,0.0,0.0,0.0,0.0,0.0,0.0,0.0,0.0,0.0,0.0,0.0,0.0,0.0,0.0,0.0,0.0,0.0,0.0,0.0,0.0,0.0,0.0,0.0,0.0,0.0,0.0,0.0,0.0,0.0,0.0,0.0,0.0,0.0,0.0,0.0,0.0,0.0,0.0,0.0,0.0,0.0,0.0,0.0,0.0,0.0,0.0,0.0,0.0,0.0,0.0,0.0,0.0,0.0,0.0,0.0,0.0,0.0,0.0,0.0,0.0,0.0,0.0,0.0,0.0,0.0,0.0,0.0,0.0,0.0,0.0,0.0,0.0,0.0,0.0,0.21885969290234608,0.21885969290234608,0.21885969290234608,0.21885969290234608,0.21885969290234608,0.21885969290234608,0.21885969290234608,0.21885969290234608,0.21885969290234608,0.21885969290234608,0.21885969290234608,0.21885969290234608,0.21885969290234608,0.21885969290234608,0.21885969290234608,0.21885969290234608,0.21885969290234608,0.21885969290234608,0.21885969290234608,0.21885969290234608
0.0,0.0,0.0,0.0,0.0,0.0,0.0,0.014542696603898848,0.014542696603898848,0.014542696603898848,0.021542049715218295,0.021542049715218295,0.021542049715218295,0.021542049715218295,0.057150992162101955,0.057150992162101955,0.057150992162101955,0.057150992162101955,0.057150992162101955,0.057150992162101955,0.057150992162101955,0.12352355608441848,0.12352355608441848,0.12352355608441848,0.12352355608441848,0.12352355608441848,0.12352355608441848,0.12352355608441848,0.12352355608441848,0.12352355608441848,0.12352355608441848,0.12352355608441848,0.12352355608441848,0.12352355608441848,0.12352355608441848,0.12352355608441848,0.12352355608441848,0.12352355608441848,0.12352355608441848,0.12352355608441848,0.12352355608441848,0.12352355608441848,0.12352355608441848,0.12352355608441848,0.12352355608441848,0.12352355608441848,0.12352355608441848,0.12352355608441848,0.12352355608441848,0.12352355608441848,0.12352355608441848,0.12352355608441848,0.12352355608441848,0.12352355608441848,0.12352355608441848,0.12352355608441848,0.12352355608441848,0.12352355608441848,0.12352355608441848,0.12352355608441848,0.12352355608441848,0.12352355608441848,0.12352355608441848,0.12352355608441848,0.12352355608441848,0.12352355608441848,0.12352355608441848,0.12352355608441848,0.12352355608441848,0.12352355608441848,0.12352355608441848,0.12352355608441848,0.12352355608441848,0.12352355608441848,0.12352355608441848,0.12352355608441848,0.12352355608441848,0.12352355608441848,0.12352355608441848,0.12352355608441848,0.12352355608441848,0.12352355608441848,0.12352355608441848,0.12352355608441848,0.12352355608441848,0.12352355608441848,0.12352355608441848,0.12352355608441848,0.12352355608441848,0.12352355608441848,0.12352355608441848,0.12352355608441848,0.12352355608441848,0.12352355608441848,0.12352355608441848,0.12352355608441848,0.12352355608441848,0.12352355608441848,0.12352355608441848,0.12352355608441848
0.0,0.0,0.0,0.0,0.0,0.0,0.0,0.0,0.0,0.0,0.0,0.0,0.0,0.0,0.0,0.0,0.0,0.0,0.0,0.0,0.0,0.0,0.0,0.0,0.0,0.0,0.0,0.4962614710966338,0.4962614710966338,0.4962614710966338,0.4962614710966338,0.4962614710966338,0.4962614710966338,0.4962614710966338,0.4962614710966338,0.4962614710966338,0.4962614710966338,0.4962614710966338,0.4962614710966338,0.4962614710966338,0.4962614710966338,0.4962614710966338,0.4962614710966338,0.4962614710966338,0.4962614710966338,0.4962614710966338,0.4962614710966338,0.4962614710966338,0.4962614710966338,0.4962614710966338,0.4962614710966338,0.4962614710966338,0.4962614710966338,0.4962614710966338,0.4962614710966338,0.4962614710966338,0.4962614710966338,0.4962614710966338,0.4962614710966338,0.4962614710966338,0.4962614710966338,0.4962614710966338,0.4962614710966338,0.4962614710966338,0.4962614710966338,0.4962614710966338,0.4962614710966338,0.4962614710966338,0.4962614710966338,0.4962614710966338,0.4962614710966338,0.4962614710966338,0.4962614710966338,0.4962614710966338,0.4962614710966338,0.4962614710966338,0.4962614710966338,0.4962614710966338,0.4962614710966338,0.4962614710966338,0.4962614710966338,0.4962614710966338,0.4962614710966338,0.4962614710966338,0.4962614710966338,0.4962614710966338,0.4962614710966338,0.4962614710966338,0.4962614710966338,0.4962614710966338,0.4962614710966338,0.4962614710966338,0.4962614710966338,0.4962614710966338,0.4962614710966338,0.4962614710966338,0.4962614710966338,0.4962614710966338,0.4962614710966338,0.4962614710966338
0.0,0.0,0.0,0.0,0.0,0.0,0.0,0.0,0.0,0.0,0.0,0.0,0.0,0.0,0.0,0.0,0.0,0.0,0.0,0.0,0.0,0.0,0.0,0.0,0.0,0.0,0.0,0.0,0.0,0.0,0.0,0.0,0.0,0.0,0.0,0.0,0.0,0.0,0.0,0.0,0.0,0.0,0.0,0.0,0.0,0.0,0.0,0.0,0.0,0.0,0.0,0.0,0.0,0.0,0.0,0.0,0.0,0.0,0.0,0.0,0.0,0.0,0.0,0.0,0.0,0.0,0.0,0.0,0.0,0.0,0.0,0.0,0.2288560159269482,0.2288560159269482,0.2288560159269482,0.2288560159269482,0.2288560159269482,0.2288560159269482,0.2288560159269482,0.2288560159269482,0.2288560159269482,0.2288560159269482,0.2288560159269482,0.2288560159269482,0.2288560159269482,0.2288560159269482,0.2288560159269482,0.2288560159269482,0.2288560159269482,0.2288560159269482,0.2288560159269482,0.2288560159269482,0.2288560159269482,0.2288560159269482,0.2288560159269482,0.2288560159269482,0.2288560159269482,0.2288560159269482,0.2288560159269482,0.2288560159269482
0.0,0.0,0.0,0.0,0.0,0.0,0.0,0.0,0.0,0.0,0.0,0.0,0.0,0.0,0.0,0.0,0.0,0.0,0.0,0.0,0.0,0.0,0.0,0.0,0.0,0.0,0.0,0.0,0.0,0.0,0.0,0.0,0.0,0.0,0.0,0.0,0.0,0.0,0.0,0.0,0.0,0.0,0.0,0.0,0.0,0.0,0.0,0.0,0.0,0.0,0.0,0.0,0.0,0.0,0.0,0.0,0.0,0.0,0.0,0.0,0.0,0.0,0.0,0.0,0.0,0.0,0.0,0.0,0.0,0.0,0.0,0.0,0.0,0.0,0.0,0.0,0.0,0.0,0.2792254700060729,0.2792254700060729,0.2792254700060729,0.2792254700060729,0.2792254700060729,0.2792254700060729,0.2792254700060729,0.2792254700060729,0.2792254700060729,0.2792254700060729,0.2792254700060729,0.2792254700060729,0.2792254700060729,0.2792254700060729,0.2792254700060729,0.2792254700060729,0.2792254700060729,0.2792254700060729,0.2792254700060729,0.2792254700060729,0.2792254700060729,0.2792254700060729
0.0,0.0,0.0,0.0,0.0,0.0,0.0,0.0,0.0,0.0,0.0,0.0,0.0,0.0,0.0,0.0,0.0,0.0,0.0023086292618369046,0.0023086292618369046,0.0023086292618369046,0.0023086292618369046,0.0463093900673138,0.0463093900673138,0.0463093900673138,0.0463093900673138,0.0463093900673138,0.0463093900673138,0.0463093900673138,0.2255328036017044,0.2255328036017044,0.2255328036017044,0.2255328036017044,0.2255328036017044,0.2255328036017044,0.2255328036017044,0.2255328036017044,0.2255328036017044,0.2255328036017044,0.2255328036017044,0.2255328036017044,0.2255328036017044,0.2255328036017044,0.2255328036017044,0.2255328036017044,0.2255328036017044,0.2255328036017044,0.2255328036017044,0.2255328036017044,0.2255328036017044,0.2255328036017044,0.2255328036017044,0.2255328036017044,0.2255328036017044,0.2255328036017044,0.2255328036017044,0.2255328036017044,0.2255328036017044,0.2255328036017044,0.2255328036017044,0.2255328036017044,0.2255328036017044,0.2255328036017044,0.2255328036017044,0.2255328036017044,0.2255328036017044,0.2255328036017044,0.2255328036017044,0.2255328036017044,0.2255328036017044,0.2255328036017044,0.2255328036017044,0.2255328036017044,0.2255328036017044,0.2255328036017044,0.2255328036017044,0.2255328036017044,0.2255328036017044,0.2255328036017044,0.2255328036017044,0.2255328036017044,0.2255328036017044,0.2255328036017044,0.2255328036017044,0.2255328036017044,0.2255328036017044,0.2255328036017044,0.2255328036017044,0.2255328036017044,0.2255328036017044,0.2255328036017044,0.2255328036017044,0.2255328036017044,0.2255328036017044,0.2255328036017044,0.2255328036017044,0.2255328036017044,0.2255328036017044,0.2255328036017044,0.2255328036017044
0.0,0.0,0.0,0.0,0.03533665831648166,0.03533665831648166,0.03533665831648166,0.03533665831648166,0.03533665831648166,0.03533665831648166,0.03533665831648166,0.03533665831648166,0.03533665831648166,0.03533665831648166,0.03533665831648166,0.03533665831648166,0.03533665831648166,0.03533665831648166,0.03533665831648166,0.03533665831648166,0.03533665831648166,0.03533665831648166,0.4168520582651009,0.4168520582651009,0.4168520582651009,0.4168520582651009,0.4168520582651009,0.4168520582651009,0.4168520582651009,0.4168520582651009,0.4168520582651009,0.4168520582651009,0.4168520582651009,0.4168520582651009,0.4168520582651009,0.4168520582651009,0.4168520582651009,0.4168520582651009,0.4168520582651009,0.4168520582651009,0.4168520582651009,0.4168520582651009,0.4168520582651009,0.4168520582651009,0.4168520582651009,0.4168520582651009,0.4168520582651009,0.4168520582651009,0.4168520582651009,0.4168520582651009,0.4168520582651009,0.4168520582651009,0.4168520582651009,0.4168520582651009,0.4168520582651009,0.4168520582651009,0.4168520582651009,0.4168520582651009,0.4168520582651009,0.4168520582651009,0.4168520582651009,0.4168520582651009,0.4168520582651009,0.4168520582651009,0.4168520582651009,0.4168520582651009,0.4168520582651009,0.4168520582651009,0.4168520582651009,0.4168520582651009,0.4168520582651009,0.4168520582651009,0.4168520582651009,0.4168520582651009,0.4168520582651009,0.4168520582651009,0.4168520582651009,0.4168520582651009,0.4168520582651009,0.4168520582651009,0.4168520582651009,0.4168520582651009,0.4168520582651009,0.4168520582651009,0.4168520582651009,0.4168520582651009,0.4168520582651009,0.4168520582651009,0.4168520582651009,0.4168520582651009,0.4168520582651009,0.4168520582651009,0.4168520582651009,0.4168520582651009,0.4168520582651009,0.4168520582651009,0.4168520582651009,0.4168520582651009,0.4168520582651009,0.4168520582651009
0.0,0.0,0.0,0.0,0.0,0.0,0.0,0.0,0.0,0.0,0.0,0.0,0.0,0.0,0.0,0.0,0.0,0.0,0.0,0.0,0.0,0.0,0.0,0.0,0.0,0.0,0.0,0.0,0.0,0.0,0.0,0.0,0.0,0.0,0.0,0.0,0.0,0.0,0.0,0.0,0.0,0.0,0.0,0.0,0.0,0.0,0.0,0.0,0.0,0.0,0.0,0.0,0.0,0.0,0.0,0.0,0.0,0.0,0.0,0.0,0.0,0.0,0.0,0.0,0.0,0.0,0.0,0.0,0.0,0.0,0.0,0.0,0.0,0.0,0.0,0.0,0.0,0.0,0.0,0.0,0.0,0.0,0.0,0.0,0.0,0.0,0.0,0.0,0.0,0.0,0.0,0.0,0.0,0.0,0.0,0.0,0.0,0.0,0.0,0.0
