trial,observation_pair_1,observation_pair_2,observation_pair_3,observation_pair_4,observation_pair_5,observation_pair_6,observation_pair_7,observation_pair_8,observation_pair_9,observation_pair_10,observation_pair_11,observation_pair_12,observation_pair_13,observation_pair_14,observation_pair_15,observation_pair_16,observation_pair_17,observation_pair_18,observation_pair_19,observation_pair_20,observation_pair_21,observation_pair_22,observation_pair_23,observation_pair_24,observation_pair_25,observation_pair_26,observation_pair_27,observation_pair_28,observation_pair_29,observation_pair_30,observation_pair_31,observation_pair_32,observation_pair_33,observation_pair_34,observation_pair_35,observation_pair_36,observation_pair_37,observation_pair_38,observation_pair_39,observation_pair_40,observation_pair_41,observation_pair_42,observation_pair_43,observation_pair_44,observation_pair_45,observation_pair_46,observation_pair_47,observation_pair_48,observation_pair_49,observation_pair_50
-1.0,-1.0,-1.0,-1.0,-1.0,-1.0,-1.0,-1.0,-1.0,-1.0,-1.0,-1.0,-1.0,-1.0,-1.0,-1.0,-1.0,-1.0,-1.0,-1.0,-1.0,-1.0,-1.0,-1.0,-1.0,-1.0,-1.0,-1.0,-1.0,-1.0,-1.0,-1.0,-1.0,-1.0,-1.0,-1.0,-1.0,-1.0,-1.0,-1.0,-1.0,-1.0,-1.0,-1.0,-1.0,-1.0,-1.0,-1.0,-1.0,-1.0,-1.0
1.0,6.646482737304771,-3.125,6.744884227585825,6.666985206182806,6.601869226248399,6.536861836587887,6.549909714137534,6.469666212836742,6.343954635868635,6.340574532761482,6.399867425702158,6.364328961312074,6.264276842967069,6.267008773364946,6.326020340064394,6.321249867829701,6.242350621704688,6.230637151670157,6.292907148809839,6.317298292012391,6.269194516139489,6.178826187828298,6.142825307650918,6.1955292124811265,6.270792134334183,6.354236272256108,6.391639917808835,6.336100482490962,6.224485320183329,6.159579677391071,6.171629998165199,6.243663783895975,6.344288564494968,6.4430307679529495,6.509942201378431,6.482746994125826,6.361429051413091,6.22873245930726,6.134627791213942,6.109591464946853,6.184268090958431,6.296988195834436,6.420205133859573,6.536888276654374,6.613813815707748,6.5844274843680175,6.437165002030357,6.271257363385366,6.143318904677206,6.025248508641935,6.047717168756884
1.0,5.354473930303659,9.375,5.314864300594206,5.432040051630538,5.4916845274575925,5.617663371347091,5.756818538531057,5.875693177022787,5.949980143750429,6.100872951972558,6.225418588748504,6.3537027861287925,6.443557925663445,6.571127273565323,6.690816176711308,6.81767061245865,6.9273949529327705,7.048280750899954,7.173972599322668,7.295622998555428,7.43150141656416,7.525867585675635,7.644887071145219,7.791444793872445,7.9024673869896125,8.029050802137492,8.178277487928716,8.327981489431627,8.425801506992867,8.527934122714393,8.712250237470162,8.852040351439728,8.986012559370517,9.119866449921519,9.285356952598317,9.470783077404844,9.611305128366958,9.691317418785363,9.781606534678803,9.996985301528293,10.175842109585401,10.339874294309391,10.494795683416621,10.661231802144657,10.863464445870788,11.09068151142928,11.26748645318336,11.361159873911111,11.423342955575286,11.553020605609634,11.831804678963204
1.0,36.833271690275815,8.579721179324295,36.007585464158744,37.40037451286345,38.20173125151008,39.55628910622225,40.78417787064487,42.143388107149484,43.083310805086384,44.5725137336953,45.7506654216499,47.135846301625605,48.15994648493041,49.539354631492216,50.8326365390917,52.27092050606891,53.56527966148962,54.98655929572989,56.490894542517374,57.966954254665325,59.69440239555058,60.86626065406312,62.368401291125664,64.36474036868495,65.88003497159904,67.54926004732971,69.57735025372435,71.80281556101409,73.27379853837454,74.73219177258355,77.51837015178147,79.70512119497019,81.73510947568462,83.66347838086075,86.12966059762026,89.28920861519192,91.95920200886302,93.42181800436711,94.89924997847245,98.64319916287783,101.96029687480146,104.96790106868852,107.64682646524496,110.39873919470634,113.92663122272674,118.55804665959664,122.70439678405518,124.9002463459902,126.11950074103719,128.54206148961094,134.5159133642901
2.0,5.8992250778287225,-4.999999,-4.999997277764427,-4.999999999999996,-4.994309442269288,-4.999999999999999,-4.99999999920685,-4.9999999986242845,-4.99999999861596,-4.999999999241573,-4.999999998045617,-4.9999999991275486,-4.999999999257395,-4.999999999280077,-4.9999999989141894,-4.999999999204112,-4.999999996544572,-4.999999999390641,-4.9999999991991295,-4.99999999899397,-4.999999998539369,-4.999999999213222,-4.9999999992325685,-4.999999998863312,-4.999999997756933,-4.999999999359743,-4.999999999263539,-4.9999999991771045,-4.999999999235797,-4.99999999938601,-4.999999999013216,-4.999999998756504,-4.99999999859614,-4.999999999359048,-4.999999999357104,-4.99999999924417,-4.999999999187331,-4.999999999178129,-4.99999999920945,-4.999999999352022,-4.999999999387303,-4.999999998765232,-4.999999997933903,-4.999999997170449,-4.999999996467852,-4.999999995819908,-4.999999995221275,-4.999999994667213,-4.999999999351391,-4.999999999370682,-4.999999999402587
2.0,8.713661513738037,1.0e-6,0.014001247927728356,1.8982331255948643e-13,6.451983259963403e-19,0.003106475688544337,2.9585309301344325e-12,1.9685911891257626e-12,2.0392141113851416e-12,2.2506670491489225e-12,2.052005887546337e-12,2.8906472253938386e-12,2.355143209415118e-12,3.981438490892957e-11,2.2267450455497117e-12,3.4329544533038102e-12,2.0668301154528208e-12,2.3238635806451294e-12,3.399429691391686e-12,2.264518984875912e-12,3.425156792187593e-12,2.2656104915428973e-12,3.4193282862679774e-12,1.5274681569010096e-11,2.9335077194351662e-12,3.4044140480877163e-12,9.449839625933122e-12,1.3984863912948239e-11,3.331316091850691e-12,2.2245756495409177e-12,2.3220515787534846e-12,2.3664258841489145e-12,2.4269803212912496e-11,2.8655726459579696e-12,1.8487146894293652e-11,2.4018073495870793e-12,3.342740828515181e-12,2.2128063030275513e-12,2.4302365641529124e-12,2.2435314791709814e-12,2.225713880768735e-12,2.1467244343009276e-12,2.1249168429431683e-12,2.2481760324007154e-12,3.2566555547494387e-12,3.418954807206918e-12,5.819710112439113e-12,3.4112986999075055e-12,6.013378827016351e-12,3.4362379399955457e-12,2.3852597553282546e-12
2.0,76.766956061251,308.12895331332754,307.64770841024244,308.12909601159976,307.51304351110196,308.02232143054295,308.1290959255881,308.12909586251664,308.1290958616123,308.1290959293738,308.1290957998303,308.12909591700026,308.1290959310841,308.1290959322535,308.12909589391126,308.1290959252753,308.1290956372314,308.12909594551894,308.12909592473665,308.12909590255214,308.1290958532683,308.1290959263022,308.12909592835825,308.1290958879515,308.1290957685288,308.1290959421348,308.12909593150573,308.12909592198696,308.129095928711,308.12909594502065,308.12909590463494,308.1290958768253,308.12909585870125,308.129095942078,308.1290959413304,308.1290959296499,308.1290959234605,308.1290959225026,308.12909592588807,308.12909594133833,308.12909594516066,308.1290958777784,308.1290957877266,308.1290957050223,308.1290956288798,308.12909555868663,308.1290954937581,308.12909543382284,308.1290959411403,308.12909594331853,308.1290959468109
3.0,2.646801274209974,-1.25,-1.340439252532999,-1.2030933095746144,-1.162721435467356,2.5,2.5136996707301713,2.431855658080888,2.459813205284198,2.5341970140139645,2.4970097966905698,2.5740181161742663,2.548047653584842,2.6214179483527684,2.608367633193035,2.676459316011578,2.676148139507118,2.7385110322382626,2.819855173993058,2.8439179652092696,2.886799446030884,2.9656199877985627,2.9992821699386187,2.997311238295801,3.0437721613885507,3.1261026791263804,3.18010740909616,3.195706756072839,3.2336458304260134,3.321005138262163,3.401374742433842,3.4856396234066005,3.5377358160531576,3.594218543004733,3.6429064233503254,8.125,8.115749507940274,8.101929777862544,8.095836217287234,8.083512303363262,8.005066868023887,7.93057718492704,7.816380315103292,7.702267342535527,7.584849099054898,7.4871646368226825,7.431704693307566,7.440244783970971,7.508307341644953,7.601429284583203,7.6862619654920765
3.0,0.2522250244786628,11.25,11.16063213559771,11.21593256554745,11.258395747760199,7.5,7.44338477735673,7.480711691520455,7.587922876415191,7.642028575793978,7.72664294259013,7.779573381173901,7.866518237262461,7.919266693317032,8.005891366889482,8.059246535494626,8.143940914333603,8.20030224947956,8.220308339340262,8.297387016717263,8.370735841872133,8.408659560758693,8.479193352839053,8.56628769222595,8.629109632324248,8.66702529772853,8.726478411451545,8.819921309147357,8.887851499120258,8.933988012066852,8.945858588874495,8.926656325046407,8.962289644359847,9.055485446868495,9.136734806557305,13.125,13.123780187025002,13.131223120710505,13.168321012162615,13.196834650629093,13.295120567438342,13.36296526752895,13.463842066383934,13.57722777096825,13.724058639393013,13.903597904664117,14.115664869576838,14.340468596458411,14.5410748452321,14.693096264987128,14.805749490614486
3.0,7.504404448647662,22.38348248499986,20.005217314369347,23.149717738857746,24.264242042417422,24.129964413622268,23.64572713232235,23.758359564202074,24.833983069163878,25.59601630752745,26.28835760202189,27.10713665004309,27.878367728226273,28.745895790274197,29.59158952445049,30.508478298790024,31.42753169878835,32.41515451972848,33.164651276056716,34.21465644629842,35.384043853890006,36.45533614724978,37.59030227701605,38.641613196275074,39.83933910629754,41.102345795986594,42.41255442010109,43.79714476278727,45.10832002426138,46.72058952429109,47.844647100927034,48.63510837015088,49.805428756905414,51.874306483595255,53.711027372938005,140.32747319783857,140.4930798305872,140.95384328568537,141.9393758072092,142.8587463881417,146.78876854866948,149.9232581066903,154.63389501061263,159.6064918139189,165.41533175470127,171.65015906529183,177.99809757666935,183.65919605903204,187.7095632675918,189.99874343639232,191.34447050749142
4.0,3.5852339543831846,-1.25,-1.1145289439688157,-1.0937174179495972,-1.048454181687599,2.5,2.4117693198818904,2.4788092618512034,2.410801099268035,2.4846414684447224,2.4372691841098644,2.5103291121215427,2.477177480346008,2.405872064532454,2.4649205233073217,4.7035441608011705,4.695766663625971,4.682264448264259,4.711749055573507,4.7437800634701865,4.789084148089643,4.852220591971895,4.925698320566793,4.988086211270923,5.028985996783637,5.049105083624562,5.085123370498222,5.160051533692976,5.250194577418168,5.300863891543194,5.353304544353045,5.386447432328634,5.436341042943421,5.512128119601725,5.615980940592426,5.658857436084022,5.69863017461895,5.717896420127378,5.748554543729168,5.802565157002383,5.904465370892171,5.991274622477116,5.9836112491439435,6.031475805471239,6.077444665429707,6.123270434748358,6.174130050534736,6.230033409680862,6.298717991655271,6.3991288714649235,6.526379142860087
4.0,0.9257439607133988,11.25,11.298382880415227,11.255645342440623,11.293079679595362,7.5,7.512107408479711,7.606395216715963,7.671295792044905,7.734145726265606,7.811448062469035,7.864775396219849,7.944380279498442,7.993520687923037,8.069538781428866,7.113420301024156,7.090828024632127,7.126738280771957,7.135483463276412,7.183233839012486,7.224271482808757,7.256165901404324,7.263637459549618,7.294111374898875,7.374118659076614,7.444635850450514,7.528195250899561,7.5843241927650755,7.584704259754869,7.617031724288244,7.719965235042637,7.8023538970711375,7.90055831647378,7.974437381944718,7.993005214424978,8.031475432791582,8.157295997758586,8.253428199823766,8.374722940545412,8.481227582018656,8.553259495417596,8.547966272908477,8.600350786354332,8.736233267027721,8.871562514786197,9.002833914231253,9.14179421423573,9.281820912950371,9.422249269332035,9.545334530592491,9.587973674813037
4.0,2.3856548564726623,22.38348248499986,25.54776415962987,25.701494321991152,26.91775542921033,24.129964413622268,23.995698409756205,25.067187925887836,25.482576763600985,26.318981381412158,26.919528686984435,27.710493837014194,28.39136450481279,28.635465751138362,29.633519025768685,42.878196174914976,42.51105741983271,42.7342426723673,43.24630922344181,44.24478036713723,45.3506586666461,46.58852047362263,47.65917889877544,48.83809725614335,50.33173404243639,51.45358026786809,52.9465114978031,54.56930960133077,55.619744708030346,56.59325219756981,58.485016405524675,59.910610227289666,61.71844201601779,63.428486744211746,64.55779906139345,65.41445433481131,67.45340423480967,68.94725711963707,70.89455781947393,72.78232349982004,74.37631220136636,74.6425420626513,75.39885298137126,77.60895300549439,79.8135853256901,81.96262392863079,84.24664870162621,86.55246063147955,88.85203936539044,90.76968025438596,91.10437764433266
5.0,-3.4766812476762956,6.25,-3.4911848216922112,-3.5149842783541185,-2.1875,-4.9576468745857625,2.5,-1.25,0.625,8.125,8.125,8.125,8.125,8.125,8.125,8.125,8.125,8.125,8.125,8.125,8.125,8.125,-4.999999999999999,-4.999999999999999,-4.999999999999999,-4.999999999999999,-4.999999999999999,-4.999999999999999,-4.999999999999999,-4.999999999999999,-4.9999999999969,-4.999999999998176,-4.999999999998439,-4.99999999999852,-4.999999999998298,-4.99999999999881,-4.999999999998858,-4.999999999998705,-4.999999999998325,-4.999999999998508,-4.999999999998571,-4.999999999023414,-4.999999999990622,-4.999999999999037,-4.999999999998243,-4.999999999998126,-4.999999999999984,-4.99999999999882,-4.99999999999918,-4.999999999999016,-4.999999999998508
5.0,3.8437818608801457,3.75,3.8670888425088985,3.855665966138095,4.6875,2.9606600573155677,7.5,11.25,5.625,13.125,13.125,13.125,13.125,13.125,13.125,13.125,13.125,13.125,13.125,13.125,13.125,13.125,2.8091974057761657,2.414716619634114,2.175929507618598,1.816717597494582,1.4697283135416008,1.0645220440625645,0.6456649511803956,0.1935994626194145,1.183448879420583e-9,9.094526088866165e-19,2.2283297986774884e-18,5.048181426700261e-18,6.144634281132902e-10,7.232075945833401e-20,7.748385775911401e-16,1.8190001722545926e-19,7.065643017477204e-10,5.880918339640021e-10,6.513247691560034e-10,2.3409901757431297e-59,1.3634936435507167e-9,7.445945272947468e-10,6.971499573025425e-10,6.855408221895527e-10,1.557088125805146e-12,7.011679938812755e-10,7.037818145302759e-10,6.029940493846872e-10,6.835320014547528e-10
5.0,86.51334863354222,26.624171220014887,86.79767067546464,88.196040331544,33.73834462114311,211.27714275153926,24.129964413622275,22.38348248499986,18.111011269006838,140.32747319783857,140.32747319783857,140.32747319783857,140.32747319783857,140.32747319783857,140.32747319783857,140.32747319783857,140.32747319783857,140.32747319783857,140.32747319783857,140.32747319783857,140.32747319783857,140.32747319783857,219.45531248420468,230.95474524958004,238.06679817792673,248.98040053211008,259.76769841651304,272.669656244108,286.35142748098434,301.5116494890673,308.1290959705902,308.1290960114091,308.1290960114375,308.12909601144634,308.1290959903003,308.1290960114777,308.12909601148294,308.1290960114665,308.12909598713725,308.1290959912295,308.12909598906276,308.12909590581944,308.12909596372117,308.12909598590716,308.129095987452,308.1290959878384,308.1290960115514,308.1290959873764,308.12909598732557,308.1290959907723,308.1290959879488
6.0,-1.4246165695537654,5.655223939866698,5.665758104447267,8.125,8.125,8.125,8.125,8.125,8.125,8.125,8.125,8.125,8.125,8.125,8.125,8.125,8.125,8.125,8.125,8.125,8.125,8.125,8.125,8.125,8.125,8.125,8.125,8.125,8.125,8.125,8.125,8.125,8.125,8.125,8.125,8.125,8.125,8.125,8.125,8.125,8.125,8.125,8.125,8.125,8.125,8.125,8.125,8.125,8.125,9.999999,9.999999
6.0,3.064858960782682,11.056051708574103,11.093000221807483,13.125,13.125,13.125,13.125,13.125,13.125,13.125,13.125,13.125,13.125,13.125,13.125,13.125,13.125,13.125,13.125,13.125,13.125,13.125,13.125,13.125,13.125,13.125,13.125,13.125,13.125,13.125,13.125,13.125,13.125,13.125,13.125,13.125,13.125,13.125,13.125,13.125,13.125,13.125,13.125,13.125,13.125,13.125,13.125,13.125,13.125,14.999999,14.999999
6.0,41.26129050785609,116.27786398992183,117.0987457561054,140.32747319783857,140.32747319783857,140.32747319783857,140.32747319783857,140.32747319783857,140.32747319783857,140.32747319783857,140.32747319783857,140.32747319783857,140.32747319783857,140.32747319783857,140.32747319783857,140.32747319783857,140.32747319783857,140.32747319783857,140.32747319783857,140.32747319783857,140.32747319783857,140.32747319783857,140.32747319783857,140.32747319783857,140.32747319783857,140.32747319783857,140.32747319783857,140.32747319783857,140.32747319783857,140.32747319783857,140.32747319783857,140.32747319783857,140.32747319783857,140.32747319783857,140.32747319783857,140.32747319783857,140.32747319783857,140.32747319783857,140.32747319783857,140.32747319783857,140.32747319783857,140.32747319783857,140.32747319783857,140.32747319783857,140.32747319783857,140.32747319783857,140.32747319783857,140.32747319783857,140.32747319783857,145.87218546706902,145.87218546706902
7.0,7.56131566225196,-1.25,-1.401925576576237,-1.2075489985145722,-1.2236268902581187,2.5,2.551468335867592,2.4780411732985907,2.5677556705700217,2.5275420279296616,2.607969547539806,2.579001410517171,2.658276578188962,2.644903331332819,2.7176300068927843,2.7181992969313002,2.7842628896475796,2.8003771757184364,2.8603033919899725,2.8940036019764874,2.868513110647174,2.919919063601236,2.98789036897769,3.0373165615835345,3.0368215914580037,-2.7312647529778067,-2.719352348486201,-2.7407614023229656,-2.7490000513882737,-2.779435396900276,-2.8450209395686303,-2.917530274164672,-3.001347690795831,-3.0915191419180292,-3.1861829156438772,-3.2812905263350185,-3.3709280235886467,-3.4455521078791636,-3.4934738566841803,-3.5117479648135737,-3.5104361093425416,-3.5006262179393848,-3.503636015164479,-3.6027267886226464,-3.738563682025508,-3.8695025859687067,-3.9997141198004806,-4.124133586013115,-4.244509371540219,-4.360764416674482,-4.474908620925805
7.0,0.8235786369085457,11.25,11.098073888177142,11.222154213588379,11.173722447584982,7.5,7.467155661127118,7.423440039021882,7.569344868628809,7.654833051154441,7.712118712812736,7.803599536861619,7.857748938726409,7.94980792956669,8.005001523012305,8.093907588490232,8.151828364192525,8.237078625411657,8.299894423047855,8.38030473186318,8.463891920121656,8.519571488602498,8.579274536606242,8.657282930131528,8.748342072843604,2.4595697528607157,2.470890952824776,2.4359384734857548,2.404144597654525,2.3623957601657626,2.3332723550002683,2.317049062731495,2.3022473321978745,2.2841626586047825,2.2578191523023747,2.2177024680122726,2.1572180844009394,2.071032839483935,1.9632808568120914,1.854209309888634,1.757980229011325,1.6775095184117472,1.6032863614980641,1.5063523787400563,1.4857005796631084,1.4972713387176544,1.530350666089758,1.5797244551623344,1.642866810998177,1.716696947776754,1.7987686749911285
7.0,13.049201348665648,22.38348248499986,18.441282846631374,23.09570484092624,22.4650965495318,24.129964413622268,23.98941308922808,23.35759964195511,25.01715195896262,25.69632276094645,26.574941668096784,27.36989816425597,28.285116100084792,29.179388578866487,30.150991688611576,31.118127366958348,32.15941491971006,33.22451773173185,34.36084774897162,35.55146453845498,36.350367088872645,37.42130465681251,38.72025429838807,40.13446995154321,41.28541788096375,79.53630324520076,78.89953947617319,80.30711014529356,81.18209632601895,83.08978391943508,86.20127726960207,89.48665185954103,93.38805107320175,97.84306169869302,102.9149323240887,108.55880873453414,114.62037972282704,120.66151496863367,125.83043717925466,129.37323438219397,131.4832377324018,132.7313725543182,134.62443298027392,143.11400766616458,152.61159543079094,161.47849381665773,170.18442562303755,178.41756205612398,186.29905631527552,193.84292869417104,201.2337360705127
8.0,-3.3134487860417883,6.25,-3.3060939232887843,-3.3690943682128345,-3.3822794814125245,-1.562515194340424,-3.388361743867737,2.5,-3.4231631654094454,-1.25,-3.4616557589625367,-3.5044375768445817,-3.550271038048897,-3.5987122092348938,-3.649531617766845,-3.7022159717976297,-3.753292630391531,-3.790178157450158,-3.7992229938376108,-3.812939008103589,-3.8684298494771134,-3.915967364524002,-3.9631806163663583,-4.010263543351773,-4.057210704266837,-4.104318843433258,-4.151827499232426,-4.1997363383722615,-4.245644147569739,-4.27578697590419,-4.273446825403295,-4.306698925892106,-4.363946736874994,-4.408599557995649,-4.459941882797563,-4.509621695235496,-4.561230306295288,-4.613296099872794,-4.665922342415826,-4.717266925656135,-4.762191724624198,-4.787484168319941,-4.7861414500909305,-4.791305783743874,-4.869795515448165,-4.922819828050694,-4.991368387591732,-4.999999999999999,-4.999999999999999,-4.999999999999999,-4.999999999999999
8.0,0.9541389334311445,3.75,0.9345946561016224,0.8938632231336134,0.9113640812706381,1.9479080743710853,0.9053287023321008,7.5,0.8819531392303902,11.25,0.8595017396755025,0.8371709734442073,0.8162633581000625,0.7983261018833763,0.7861997845546193,0.7849453972260096,0.8014669412376663,0.8334728695859722,0.8612371124570823,0.8399911552313526,0.8330292552551105,0.8254484537700448,0.818028334453093,0.8110972715796172,0.8049576674618758,0.8001674162759983,0.7981469437541995,0.8023870041682667,0.8202100904809335,0.8537527713426462,0.8681587374798339,0.8412019445816838,0.8284442210695379,0.8184242642539823,0.8068332821342863,0.7954280588652414,0.783004690855567,0.769025135636027,0.7514820420668287,0.7265727970675154,0.6875515873075054,0.6321393826106816,0.5897539332175878,0.5810590713866696,0.5526176503161199,0.5371286580870297,0.5152542003883774,0.48479535318383393,0.462884083377702,0.4269276486278982,0.3805690602024624
8.0,138.31265383759862,26.624171220014887,138.3372029532705,143.07912665945778,143.46636396549147,57.06108235020608,143.98363025979384,24.129964413622275,146.70169819602089,22.38348248499986,149.6747852151688,152.97406463163955,156.50168258066486,160.20010972079507,163.989859793839,167.7098346534131,170.92932116504343,172.76967408609386,172.70494951059032,174.26568308743242,178.57210350988595,182.37508480777126,186.21415020084453,190.0939805101153,194.00460720207778,197.95326488853925,201.91915076306083,205.8023566521415,209.18534339450295,210.8064753003335,210.19355949869166,213.8353145207322,219.21587886336226,223.47872358690043,228.45108830219755,233.33768627949362,238.5033858813478,243.8331399203742,249.40171421923358,255.15350584534826,260.79531180301785,265.0682809970265,266.28773213863457,267.08282808776255,275.94163024753135,281.899994905627,289.77434407206306,291.69941813633363,292.4318470358209,293.63584494666236,295.19197402497247
9.0,-2.8980600657079494,8.125,8.125130639328631,8.137186562285622,8.117644175950767,8.090746480767804,8.05547262305207,8.020400826049046,7.986624366410552,7.960528469991234,7.955633806314611,7.975640301609229,7.9558725060558,7.902152174404043,7.855958240136148,7.807417383099831,7.774908311207284,7.775907272695818,7.762945837171935,7.712776738080033,7.666788578666085,7.612368153368632,7.573248765242801,7.559898421784871,7.520580035861239,7.47934301773421,7.4361572810589385,7.385197338421072,7.324003356589596,7.277190083419203,7.270262485849443,7.227292786826497,7.182986944799309,7.138514650995317,7.088828482756687,7.031523067382952,6.960011102898493,6.902364332471518,6.904303897366584,6.859757619817822,6.815497578671718,6.771985524033388,6.724361935667401,6.673165562819476,6.613614522721597,6.536716536371088,6.4481216980710645,6.446871600340973,6.43210766841001,6.399242129110416,6.396146851684161
9.0,6.245611399908998,13.125,13.151924766831407,13.152537482932036,13.15061421478692,13.159647293300127,13.191868077597686,13.231813019291984,13.27815782323528,13.331812071965778,13.39261468852025,13.447252526587542,13.488952545431731,13.523749115046792,13.55048669558928,13.583804627988282,13.629826768221283,13.687340146966802,13.727375726277538,13.764355607400578,13.77966949561293,13.782711433750189,13.764724309827685,13.792552309281897,13.84008634700449,13.886605840701952,13.929665813226002,13.967108932572904,13.983424009234065,13.965847807909277,13.997977439392852,14.054973860000699,14.112890519392725,14.168057881158328,14.223757506643913,14.273451768789311,14.30190462957449,14.287546477823932,14.325172859545532,14.40187483768324,14.480481110709723,14.556097010248237,14.635528252709962,14.714607435762757,14.791782388672878,14.854842701212055,14.870816896608263,14.902785083442536,14.999999999999998,14.999999999999998,14.999999999999998
9.0,30.403163682331837,140.32747319783857,140.94624182591383,140.70719450847398,141.07296858505003,141.84481488309345,143.32791216392596,144.98712001279765,146.7709709578884,148.57219962668586,150.11341685495043,151.00081709872313,152.40637502880162,154.34556022584817,155.9284664110774,157.70893044483694,159.47351801941247,160.8597835943973,162.09895860340825,163.9932335679035,165.25750742629273,166.35941917301471,166.63528334416,167.57030810867474,169.4648516828352,171.3601837567051,173.19184715863034,174.99755992919165,176.406951279116,176.69324802552796,177.6172188147899,179.72164339069582,181.85578949822317,183.90595152979913,186.02195875193405,188.05206148957615,189.65088674922688,189.90959535618754,190.8775755145383,193.36266288667048,195.8806364306847,198.29699239562325,200.83393221742554,203.36673617821762,205.87392273202522,208.04068491955957,208.8658886824575,209.75133173256668,212.49446027100456,212.5964772670713,212.6051559741391
10.0,-3.346376421631414,6.25,-3.327511396946467,-4.999999,-4.999999,-4.999999,-4.999999999999999,-4.996126791448617,-4.999999999999999,-4.999999999999999,-4.9999999992875415,-4.999999999418466,-4.9999999992127035,-4.999999999174906,-4.999999999195631,-4.999999999205773,-4.9999999993984625,-4.999999999168778,-4.999999999353827,-4.999999998587766,-4.999999999349055,-4.9999999991930055,-4.999999999281514,-4.999999999243662,-4.999999999166939,-4.999999999373524,-4.99999999587631,-4.999999999247374,-4.999999999343404,-4.9999999993861355,-4.999999999388296,-4.999999999368603,-4.9999999990794395,-4.999999999178655,-4.999999995637422,-4.999999999395666,-4.99999999919537,-4.99999999853384,-4.999999999117798,-4.9999999991871835,-4.999999999297878,-4.999999997362919,-4.999999998667151,-4.999999999245723,-4.999999999184548,-4.999999999403128,-4.999999998599099,-4.999999998949398,-4.999999999385055,-4.999999999189049,-4.999999999196665
10.0,0.14701159021413224,3.75,0.1425175196909069,1.0e-6,1.0e-6,1.0e-6,9.999999888925403e-7,1.001322906237648e-6,4.502276576188145e-17,0.003801613668456641,2.4519164232916268e-11,3.3434074399506594e-12,9.968891762693695e-12,3.673049088401045e-12,3.2432598856014654e-12,2.7104754098250116e-12,6.2345638086964004e-12,2.6669900129916823e-12,6.027656662132407e-12,3.356073938139011e-12,3.5169699321827187e-12,4.271538441726827e-12,3.5418070081329796e-12,3.562301005655423e-12,3.5249035975676283e-12,1.26708117743626e-11,2.5574366866294257e-12,2.5259587182126946e-12,2.3419115429981505e-12,2.4408986148816402e-12,2.716805480163355e-12,3.4108831643900656e-12,3.534293388504196e-12,3.483536380684179e-12,2.4822345866254894e-12,2.3828508797059866e-12,1.2650436305548598e-11,2.489599977500207e-12,3.30869596349185e-12,2.5006975930050827e-12,2.4986748473044578e-12,3.2001672663102283e-12,5.34943793840181e-12,2.479763167784462e-12,3.505590753502934e-12,2.412859180314178e-12,3.4851937743931154e-12,2.815778811266616e-12,3.4836561679777006e-12,3.4369463368368614e-12,1.166330884150915e-11
10.0,160.00304688243432,26.624171220014944,158.91425549873,308.12895331332754,308.12895331332754,308.12895331332754,308.1290616368882,307.70967276405776,308.12909601160663,307.99843105935986,308.1290959335878,308.1290959484979,308.1290959259813,308.1290959221034,308.12909592436307,308.12909592548,308.12909594623176,308.1290959214741,308.12909594140376,308.1290958585131,308.12909594097306,308.12909592404327,308.129095933656,308.12909592955504,308.1290959212454,308.12909594330904,308.129095564826,308.1290959299927,308.1290959404014,308.12909594502685,308.1290959452514,308.1290959430942,308.12909591176685,308.129095922516,308.1290955389513,308.12909594606117,308.12909592401144,308.12909585270154,308.1290959159297,308.1290959234736,308.1290959354644,308.1290957258387,308.1290958670438,308.1290959298155,308.1290959231535,308.12909594686846,308.12909585973637,308.129095897705,308.1290959448739,308.1290959236434,308.12909592418566
11.0,-0.8203123621571473,8.125,8.10059155935596,8.100116402864733,8.104842850212673,8.0994970768242,8.070662609377042,8.043050072995353,8.009920628147375,7.975204139644773,7.935793047301908,7.885541934787091,7.8236467934933005,7.781572524520512,7.757057356954673,7.749351970896889,7.7541936021294005,7.7792916063697035,7.7594303348854154,7.715784147600754,7.676226618931803,7.642416814751653,7.625930534549698,7.640486156038985,7.629977961949958,7.576628157971523,7.533169131970387,7.4817386765231735,7.444221412253913,7.437303998915283,7.460879497598081,7.490378642760388,7.4446332584267365,7.411456981087699,7.383528009093524,7.349587532460095,7.312640372297995,7.2640451961311685,7.194466791301527,7.119175561827319,7.096703029144972,7.0577980678361385,7.030399140169631,6.992040163522165,6.934655612283611,6.858416886587581,6.845314509331356,6.759318476368458,6.70696391616652,6.644345614456255,6.586821230031705
11.0,5.072279308244359,13.125,13.125395491320527,13.136961373165406,13.14485588294288,13.151904881129463,13.189761417270685,13.228061120490072,13.275058171362067,13.322958428252987,13.369569705765395,13.403954511847799,13.408772099133563,13.433793858306926,13.494523184585418,13.545621493537583,13.603605870465254,13.646677000356142,13.674579306539552,13.717798993335801,13.760683834939535,13.80905991238204,13.865819573376275,13.921459196918896,13.957292078757488,14.002341244327926,14.031987613374445,14.072239158880304,14.123291431886088,14.190003890026837,14.239579207639471,14.250316235449581,14.276154725167348,14.354838610042178,14.41611719798955,14.486388981881408,14.553706800415199,14.618033226455173,14.662283321467012,14.662487323148827,14.683567193792753,14.782235257670466,14.85932452855831,14.949662610921807,14.999999999999998,14.999999999999998,14.999999999999998,14.999999999999998,14.999999999999998,14.999999999999998,14.999999999999998
11.0,21.93198419264101,140.32747319783857,140.8472564565434,141.12427913779447,141.20791662881805,141.48272622984885,142.9626048741991,144.4295807597094,146.21697144718368,148.06124872890237,149.9733251764171,151.81350786760038,153.16974737654647,154.60008703011965,156.54125235095051,157.92756355873942,159.24186604101703,159.7980848260249,160.87245817277562,162.78667821989364,164.6071774250155,166.4497722818455,168.1750264451069,169.29266065327877,170.39190571974052,172.52632217476128,174.07298833346763,176.0168648745359,177.9776736091505,179.81138758736893,180.67994980367644,180.43508011882614,181.91089734916403,184.53110705752408,186.60981347172174,189.02660791882278,191.413322870474,193.89880476912415,196.1409350994809,197.2216294527963,198.0956724769853,201.28070816883792,203.7328108849024,206.6868311311192,208.750548102673,209.57317419636047,209.7057575046413,210.5105869538285,210.9441086990339,211.40542668557444,211.77354641889062
12.0,-4.400972549919484,6.25,6.272208366092001,6.437821886416275,6.307642380148223,6.210687868488436,6.297477116973164,6.2217079800125985,6.2847985629766,6.438035531311727,6.367550363937997,6.27688687678942,6.269617143495455,6.367698900493707,6.363518401192741,6.2643783161990605,6.20808628481415,6.241619122187129,6.350523370881282,6.410316528772973,6.3598878141249235,6.243033560668623,6.124771231403794,6.064602465077616,6.120307485012763,6.256787761682176,6.390944204236011,6.484935546493718,6.449245837368865,6.3159325644605735,6.1594912888678826,6.022264674005313,5.96102580864359,6.043890702597975,6.204427449482843,6.371802332674293,6.516742927510105,6.574466600484836,6.4706410895049675,6.294707094967065,6.112697189228078,5.950148471086121,5.858601312341553,5.943219584138356,6.1287624225344075,6.329229765072066,6.510337525651448,6.6507000066035955,6.615782090856829,6.43367318314173,6.215061832236195
12.0,13.503431679581393,3.75,3.4556063978684075,3.7975365030663366,4.054991517457146,4.274428169543166,4.497604016874372,4.689141190598106,4.878501529339723,4.994255771381645,5.204589384457245,5.364204413452335,5.559752249221795,5.712941600022281,5.892957175419546,6.057841862073281,6.231766392911935,6.425044676434932,6.576191372008309,6.7492776675998964,6.949667023492356,7.10240971161173,7.260611438973865,7.465265042393362,7.669881485360857,7.826800287848405,7.962445726388035,8.15773569333621,8.387521232221294,8.567275492461507,8.709645645262514,8.870554600851335,9.106436311458745,9.342538117841926,9.517483700567443,9.655957251859103,9.821120456360136,10.078608409215553,10.331412281506164,10.514904756518945,10.662830642216287,10.831458163059594,11.093910929013159,11.382541463168197,11.592798667921397,11.74892625307505,11.9018882956459,12.140205618982753,12.468655065815893,12.722172423333808,12.909086569291164
12.0,11.070058496883988,26.624171220014908,25.151988562516422,26.721081625879094,28.326159089124026,29.664227079504585,31.141574706747427,32.47645187601255,33.87878335254287,34.58999633605286,36.38603539661864,37.78702761589142,39.494259197853786,40.813752730359,42.511092564933705,44.186093678736974,45.92713403359319,47.96163481302072,49.539138889149456,51.36968401625247,53.75503915150746,55.636139884279714,57.45720379052774,59.90023657208788,62.66146353398345,64.85870342296845,66.5719365402345,69.0542554703262,72.44910220576944,75.33953280389736,77.46530104121187,79.65102111141671,83.16066540644323,87.27155968452703,90.45509710392042,92.70322544859788,95.14697319218922,99.4501406193982,104.45900375788987,108.23467827159777,110.94261080461713,113.70325959914395,118.43254568645146,124.69871453040554,129.62518448303678,132.95452100962532,135.73622480732422,140.20432768616402,147.75718739411326,154.38919347550913,159.07142349544714
13.0,-2.0347350152181147,6.25,-3.226926672045723,6.25,6.25,6.25,2.5,-1.25,6.25,0.625,6.25,8.125,8.136452725580666,8.102030825900796,8.053290441069587,7.870404294155547,7.657931927932244,7.378287585228338,7.040667874969005,6.674482402931994,6.287813719082284,5.88296901711034,6.148041543027464,6.227161227964499,6.2273863639876375,6.227262184225822,6.227307628569992,6.2272499741961695,6.226998373214292,6.226404675004828,6.227407768772579,6.227103997825698,6.226934055757635,6.22685395157234,6.227029495975159,6.22706418407577,6.227067664289621,6.227069501676782,6.227089781426944,6.227154318589869,6.227141154504751,6.227111125079013,6.227612413808808,6.227139941503089,6.227165150549413,6.2271929830589405,6.227194794290013,6.227218493952879,6.227239355374575,6.227255024627756,6.228001014023067
13.0,14.616985680647812,3.75,14.999999999999707,3.75,3.75,3.75,7.5,11.25,3.75,5.625,3.75,13.125,13.134334939841075,13.14211548761275,13.21539966815531,13.45251409364629,13.690987223272794,13.982261699912724,14.322946182704658,14.696819196678948,14.999999999999998,14.999999999999998,14.999999999999998,14.999999999999998,14.999999999999998,14.999999999999998,14.999999999999998,14.999999999999998,14.999999999999998,14.999999999999998,14.999999999999998,14.999999999999998,14.999999999999998,14.999999999999998,14.999999999999998,14.999999999999998,14.999999999999998,14.999999999999998,14.999999999999998,14.999999999999998,14.999999999999998,14.999999999999998,14.999999999999998,14.999999999999998,14.999999999999998,14.999999999999998,14.999999999999998,14.999999999999998,14.999999999999998,14.999999999999998,14.999999999999998
13.0,29.1653306323758,26.624171220014915,6.778093200999621,26.624171220014915,26.624171220014915,26.624171220014915,24.129964413622247,22.38348248499986,26.624171220014915,18.111011269006838,26.624171220014915,140.32747319783857,140.30247683827704,141.20337620625247,143.92122429274917,153.2798598713329,163.23618920175926,175.49636694318772,189.23463464025414,202.87427582342397,212.80783719308573,211.83230340064972,212.77856154372225,212.83535311299107,212.8353650976419,212.83535859230858,212.83536100297715,212.8353579387052,212.83534391394468,212.83530661202275,212.83536619283277,212.8353499309637,212.83534015838313,212.8353353840162,212.83534570632804,212.83534768490065,212.83534788229468,212.8353479864273,212.8353491320074,212.8353527317413,212.83535200314952,212.83535033023708,212.83537627575043,212.83535193586744,212.83535332907752,212.8353548548983,212.8353549537426,212.8353562420339,212.83535736824666,212.83535820935822,212.83539348914394
14.0,-1.942291642428899,8.125,8.14640782870591,8.129315895686428,8.124548846824844,8.095169264635945,8.064248108092695,8.029144233122697,7.996881970655938,7.976613942642513,7.981427855954431,7.964029148800564,7.91040202932023,7.861154636123541,7.805000724537532,7.767109978088706,7.746514530632206,7.740041491524372,7.745808564426738,7.7721894994308585,7.749593185998035,7.711271636609023,7.675049541372469,7.64469782311557,7.628159746501558,7.640640927359473,7.631645365985558,7.578287542942594,7.533235062139061,7.476454409670297,7.426897409766416,7.396983359193842,7.4078631707939255,7.437806672586037,7.423661676207856,7.379101356120953,7.34121594002965,7.305656701043973,7.276382759739251,7.262648274554816,7.280954993050978,7.323811461037492,7.30499693724998,7.259130280462104,7.211892699262492,7.1429575962211675,7.11097127713508,7.024123168027815,6.9612425073170705,6.888805599314233,6.819831431594983
14.0,4.7993071039877115,13.125,13.113437604188144,13.134100742758315,13.13760605434412,13.1644006091881,13.194845132597735,13.23437034250773,13.280566008437013,13.335268497762517,13.394864649530367,13.443489465614926,13.475447041871883,13.488768688745632,13.486922470174921,13.510970943691813,13.569162176897674,13.616988568745468,13.672673309471223,13.711492428031749,13.73500966356536,13.779373640112054,13.825924089393625,13.87519560737217,13.931919552672344,13.988494244998114,14.027017855519057,14.073027075972018,14.100103517911771,14.133180553676253,14.172966110774471,14.234234987911984,14.29959895309497,14.333287100434793,14.35356627386825,14.423809670052528,14.487727874438407,14.556066115088985,14.629495319868433,14.709403448458945,14.788024528819648,14.830365716639724,14.850512984253298,14.937804534106396,14.999999999999998,14.999999999999998,14.999999999999998,14.999999999999998,14.999999999999998,14.999999999999998,14.999999999999998
14.0,29.35599833859206,140.32747319783857,139.61198250321556,140.44686941343875,140.6277413273968,141.862490732538,143.21448258592943,144.86570002810092,146.61592887289692,148.32283789197643,149.63458765083976,151.15130201673398,153.01707817867813,154.33635146968456,155.4148841968327,156.7418102282233,158.5541728542926,159.84461305350786,161.09319820241697,161.52584585438564,162.54993205964098,164.39378827838766,166.24749335270567,168.0546341441072,169.7885199068678,170.9754833343667,172.1194380050875,174.2881865894899,175.8052603061386,177.66776103722393,179.55191988133393,181.64235447872548,183.15323565023442,183.51449914422483,184.28817355469482,186.8863297065054,189.19991391490032,191.58846285545124,194.01176524698295,196.3708835636354,198.20351812238934,198.6572634488011,199.51136429694301,202.62439641900207,205.06096330951684,206.0759753571483,206.5257060571751,207.67645720754305,208.44344514915284,209.25568462729822,209.95613081739353
15.0,7.24144699392293,-2.1744223081945346,7.236775459617254,8.125,8.125,8.125,8.125,8.138815212268964,8.1194410733463,8.117594836847225,8.103806014565007,8.070027468825018,8.02791759740941,7.9824981501385155,7.942330465344353,7.922819266408181,7.933155702216402,7.922049871283337,7.864110138215012,7.811898392198557,7.748030336935139,7.685881411997131,7.629512239125925,7.60839351141592,7.568764727508911,7.528512717745633,7.483932868272112,7.429694566465078,7.362497488961799,7.309655065896551,7.300531788738446,7.257335179308762,7.212394858066755,7.166382496892247,7.112593831674205,7.047380080187861,6.975292633429206,6.959359495520747,6.952004292689079,6.9025085010991685,6.865342060899767,6.823065646120277,6.787786687565412,6.768390186851433,6.791788401740414,6.847556995711172,6.839699151757581,6.799619517136128,6.766883957680311,6.725134311873602,6.650422193924024
15.0,10.182427102925665,4.903898667871577,10.154265618407955,13.125,13.125,13.125,13.125,13.1253102236044,13.139220533402433,13.15524732955909,13.187476992022962,13.219769026543977,13.250976054032114,13.286768258725086,13.33287603717703,13.393046983305462,13.453194329897388,13.49853251239313,13.544322553883168,13.56786926849641,13.586411902032848,13.59239811330503,13.573888720930144,13.599998990874042,13.66123423575225,13.718568336409328,13.771938038751292,13.816785612509731,13.837351700029851,13.8208899729604,13.848054503957776,13.91166200818228,13.973741325256292,14.031062728591142,14.086042817917463,14.126905594465171,14.13216009722639,14.109379893783478,14.186163435968613,14.272838986887436,14.339696662596953,14.420362130084012,14.500796352615033,14.590945730040678,14.680903572135183,14.726497546583806,14.748497943362725,14.855025680680047,14.949194993670073,14.999999999999998,14.999999999999998
15.0,95.32449996264748,31.253637277501582,94.88198337988203,140.32747319783857,140.32747319783857,140.32747319783857,140.32747319783857,140.04482278790226,140.7720835620184,141.18111882157513,142.2167086627679,143.6741497891589,145.27950976414687,147.0584024106744,148.9703740648753,150.79621526102142,152.01872499075728,153.33231705427087,155.61483670511714,157.2331537203868,158.94390515408736,160.28970246365137,160.90107201647425,161.93055836199463,164.15922408426707,166.2996419485988,168.41195706228962,170.46502740941335,172.09700841140847,172.52765382155692,173.35298537771723,175.62168434688806,177.86621053354708,179.9901415548881,182.14123371823757,184.04303319332266,185.0498372118431,184.64304677154706,186.71770869648702,189.52240854209634,191.66390476568952,194.21052497047552,196.6770358546889,199.26422449629982,201.48273370001937,202.18702045596174,202.86231204261802,206.15311868864566,209.03921693860224,210.79854818528796,211.36341410953492
16.0,-0.7869752973138526,8.125,8.132436627291947,8.133191231085686,8.123373193635143,8.100246204803636,8.073185555923649,8.034093047999544,7.987043641113505,7.929364546004824,7.865479482867823,7.813284837464879,7.785126944049598,7.781990256235412,7.799320360679728,7.784020746435443,7.730202049282678,7.684951321083816,7.631933275763522,7.585770021308536,7.561622487978035,7.575522021401647,7.564986401282626,7.512139228015608,7.470045634328706,7.421012681091405,7.387886830243751,7.387576765716404,7.41376465648356,7.405597136082083,7.356624915183884,7.317217147910409,7.278162178117673,7.253412258933226,7.256583384768017,7.290191070297608,7.317269622462752,7.261714460739856,7.221308105612383,7.189358229939934,7.151170465780103,7.112913644755211,7.069308407723313,7.015191069833318,6.932931063251982,6.919721877062821,6.834628487458441,6.776829211928607,6.712020273976777,6.650026098737238,6.589124569041646
16.0,6.759048899633471,13.125,13.105505055858735,13.128629498873421,13.129545855440307,13.168388001438247,13.2032069029687,13.243529113041161,13.278820175681465,13.302194730731417,13.303907250965851,13.326118501561268,13.38571436056549,13.44020455285753,13.494196044687554,13.53289232659238,13.570646234327585,13.595683099709333,13.623397061776153,13.657401124067405,13.71127516209601,13.765525640868052,13.798893684789858,13.844234399682641,13.874081986536124,13.915215993265491,13.967429230129078,14.032125094256921,14.073873182670788,14.101043337504871,14.162874780280287,14.213528282105957,14.275555313651106,14.343264272789236,14.417467948925557,14.47067044149813,14.47261470751799,14.519759790836606,14.608293638935066,14.677259164106948,14.758553073805285,14.837163125853207,14.91828744738879,14.99539011544702,14.999999999999998,14.999999999999998,14.999999999999998,14.999999999999998,14.999999999999998,14.999999999999998,14.999999999999998
16.0,17.10786897203357,140.32747319783857,139.72258960082203,140.239377620618,140.46640153156892,141.84867264305484,143.2226129285322,144.9770879546816,146.77789454985117,148.5101792152849,149.8410502774988,151.4054981016181,153.37920259858655,154.7457318388441,155.70261762915393,156.93921066057356,158.90747278264334,160.38757110810892,162.06601510446757,163.7546357468145,165.52324807156498,166.61357328231793,167.63545043419512,169.7190693782712,171.2078647803219,173.08494734536347,174.9610190711766,176.61036019744714,177.23522300030467,178.06836566279,180.47175345213753,182.4180918432214,184.64467115121695,186.79464642864517,188.69414973079694,189.57241889768656,189.1908157952537,191.31830207873443,194.2940402766973,196.6185957189852,199.3647159866002,202.0360041394897,204.842949140123,207.66156656375904,208.77011063667797,208.91849677344746,209.8119564659635,210.35598686734903,210.9041282174746,211.3661707718136,211.75983973253685
17.0,-2.0598543158473275,8.125,8.103334329982903,8.091301409458222,8.09725279620467,8.088334826453886,8.052606003164765,8.019772800304455,7.983792252879307,7.950466779616253,7.9259885019109335,7.9258644659059145,7.908642720374286,7.857697056850515,7.808114719322936,7.7576142480228825,7.730891137666137,7.704264739496936,7.679052659490125,7.644684102533576,7.595428868843776,7.543310563263796,7.531780817283343,7.518845921057752,7.471697929262662,7.435337822340034,7.398200503757189,7.378325154685479,7.392733438989978,7.42372385738242,7.395424906970391,7.365001246684333,7.335379613699665,7.30540115932392,7.275293093111183,7.246466320611824,7.223388008828691,7.220817162614527,7.258097855922731,7.252704168851602,7.193290999931169,7.1455869212551075,7.092952969825412,7.055149606447332,7.043884004370889,7.08830850466004,7.016513196576743,6.92025788413138,6.872384138551396,6.795679732399507,6.733078949245666
17.0,3.9660611440112588,13.125,13.113688489681454,13.132127727802402,13.14774920011219,13.156281300849086,13.18837939814542,13.222621947041933,13.265187851860633,13.311434753930312,13.364131377356479,13.422417378041962,13.471932565572848,13.503150005251875,13.511967722013887,13.500330433019592,13.526406349294788,13.579011417802077,13.626286037108942,13.670943444603866,13.697018433032374,13.691818197351399,13.668821714651223,13.724750824555164,13.77570637814131,13.817305507078252,13.86839460092109,13.926549341748677,13.987434507634624,14.011761130991447,14.030014930602215,14.096801896412659,14.158469761202667,14.22162025581594,14.287201761467513,14.355416672383116,14.428021823984107,14.505943281947493,14.570895612288943,14.603363597245405,14.683454941394434,14.742194624118325,14.818104704801373,14.899033244682615,14.992716938326371,14.999999999999998,14.999999999999998,14.999999999999998,14.999999999999998,14.999999999999998,14.999999999999998
17.0,39.83360433473615,140.32747319783857,140.51991478974116,141.19664107785664,141.43350398585238,141.8172257779827,143.30637740504903,144.78537539403428,146.5246797563892,148.29734418313456,150.04459559498676,151.43344661820262,152.96879136982758,154.75192786580786,155.9567356717396,156.6705662338234,157.82070002947611,159.61156350791686,161.24758603923368,162.99341764287132,164.55291377159992,165.3732095901417,165.01225579443573,166.62492055811546,168.71880679511503,170.38216825738024,172.28904839436,174.08459534324552,175.38780053638163,175.48335424289215,176.42555017391786,178.63666095935164,180.7042238362763,182.81582661764435,184.9926421001529,187.21912000468782,189.47679441124677,191.57611501949893,192.73369194567525,193.6830490350163,196.72724911005412,199.00156785673158,201.78957007051835,204.50116663496155,207.22284249318486,206.83600250843722,207.77228237329106,208.91252564649554,209.4289768656442,210.1842250719166,210.73326431685825
18.0,8.193155897115064,-1.4061198800842667,8.0138457975412,6.25,6.25,6.25,2.5,-1.25,6.25,0.625,6.25,8.125,8.13076380169422,8.116439492199529,8.111468420828542,7.870781821083039,7.531917652300833,7.193198566842334,6.829279881929716,6.456261782837564,6.057638541605664,6.243749142150165,6.231911089208682,6.232314613150726,6.232471983414617,6.23254778711516,6.232581694637375,6.232591096120487,6.232585044674467,6.232568969324317,6.232546575796868,6.232519478867137,6.232488738607819,6.232458967972238,6.232427177803802,6.232395613896524,6.2323633468823445,6.232331894274619,6.232252969228206,6.229953595404209,6.232250324073871,6.232221470783745,6.231445949227679,6.232168820363791,6.232142527897439,6.231076568824442,6.2303329093208815,6.232076431386555,6.232053497663461,6.232031681512731,6.232010584390735
18.0,5.764895482267864,8.791348700886557,5.822384028503609,3.75,3.75,3.75,7.5,11.25,3.75,5.625,3.75,13.125,13.125000241768474,13.11803990848417,13.13071375979965,13.397649520447862,13.781311164408942,14.158025924654215,14.564454567516067,14.997200980383186,14.999999999999998,14.999999999999998,14.999999999999998,14.999999999999998,14.999999999999998,14.999999999999998,14.999999999999996,14.999999999999998,14.999999999999998,14.999999999999998,14.999999999999998,14.999999999999998,14.999999999999998,14.999999999999998,14.999999999999998,14.999999999999998,14.999999999999998,14.999999999999998,14.999999999999998,14.999999999999998,14.999999999999998,14.999999999999998,14.999999999999998,14.999999999999998,14.999999999999998,14.999999999999998,14.999999999999998,14.999999999999998,14.999999999999998,14.999999999999998,14.999999999999998
18.0,23.885626615778875,11.662920185364726,26.793010526554497,26.624171220014887,26.624171220014887,26.624171220014887,24.129964413622275,22.38348248499986,26.624171220014887,18.111011269006838,26.624171220014887,140.32747319783857,140.20663783516756,140.34628607160147,140.74264018094607,151.96109141668637,167.795924568131,182.87326788765608,197.99469488302685,212.33025339581056,212.5858013758791,212.83395991111024,212.8354257462436,212.83541447856834,212.8354093440605,212.83540672258914,212.83540551878966,212.8354051815997,212.83540539880863,212.83540597282982,212.8354067652371,212.83540771283074,212.83540877292322,212.83540978447058,212.83541084822573,212.8354118876398,212.83541293293516,212.8354139350404,212.83541637659926,212.8354416485867,212.83541645661816,212.8354173218402,212.83543534604496,212.83541886467899,212.83541961773258,212.8354403844911,212.83544358705282,212.83542145962022,212.8354220815832,212.83542266505052,212.83542322169535
19.0,6.360410023657897,-4.999999,-4.9857117880149575,-4.999999999377678,-4.999999999179966,-4.999999997487908,-4.999999999193203,-4.999999999389023,-4.999999998737955,-4.999999999393341,-4.999999999183194,-4.999999999356012,-4.999999995863322,-4.999999996181609,-4.999999999397574,-4.99999999919713,-4.999999999210756,-4.999999999378552,-4.9999999989142285,-4.999999998631451,-4.999999999371566,-4.999999999259711,-4.999999999178486,-4.999999999227921,-4.999999999400128,-4.999999998579249,-4.9999999978672705,-4.999999997278545,-4.999999999385383,-4.999999999268259,-4.999999999185825,-4.999999999189666,-4.999999999352057,-4.999999999345251,-4.999999999030715,-4.999999998793741,-4.999999998629316,-4.999999999349973,-4.999999999400989,-4.999999999272205,-4.999999999196432,-4.999999999177363,-4.9999999992118545,-4.999999999358578,-4.999999999196436,-4.999999998063885,-4.999999997005995,-4.999999996018289,-4.999999995096788,-4.999999999349996,-4.9999999993859925
19.0,7.698279832939795,1.0e-6,0.004852308107037561,1.9306397677038714e-12,1.96873037421493e-12,2.284411041081367e-12,2.2268628083286102e-12,2.2938481106441933e-12,7.0171995202420476e-12,2.6699166802781233e-12,2.300246297678089e-12,2.266907097073665e-12,2.932303665594655e-12,2.3089410165545132e-12,3.359186721116216e-12,2.360451145508373e-12,6.299066871642692e-12,2.5357086493472264e-12,3.3796924290809132e-12,1.989752724208333e-12,6.144583396642106e-12,3.4110366464424707e-12,2.210641998216166e-12,3.4231918647441894e-12,2.016358997875524e-12,3.250800172792044e-12,2.1894030855091937e-12,2.961405623373351e-12,2.7295233592644077e-12,2.253786718927505e-12,2.3193973612027147e-12,2.1826888733414136e-12,6.368297936763528e-12,3.4255266078311554e-12,1.96293830468809e-12,2.1399420064406195e-12,2.304652174281583e-12,2.2702610262016675e-12,5.011271128330436e-12,3.057147190369493e-12,2.1784249433662534e-12,1.9668180426471115e-12,2.3172981936484896e-12,5.2444273933077625e-12,8.031311924027757e-12,2.553079134632001e-12,2.119703168911449e-12,6.454034069583522e-12,2.403292667705748e-12,7.287988613197606e-12,2.276185249808938e-12
19.0,63.06819642571608,308.12895331332754,306.4173003221598,308.12909594412815,308.12909592271,308.12909573940937,308.12909592413496,308.1290959453447,308.12909587465634,308.1290959457994,308.1290959230482,308.1290959417697,308.1290955634061,308.1290955979055,308.1290959462343,308.1290959245558,308.12909592589637,308.12909594420216,308.12909589387596,308.12909586329226,308.1290959433213,308.12909593129876,308.1290959225413,308.1290959278547,308.129095946557,308.1290958575943,308.1290957805066,308.1290957167072,308.1290959449354,308.12909593226436,308.12909592333256,308.12909592375337,308.12909594120026,308.12909594056424,308.1290959065427,308.1290958808668,308.1290958630501,308.1290959411155,308.12909594654747,308.12909593266426,308.1290959244865,308.1290959224281,308.1290959261522,308.1290959419453,308.12909592428565,308.129095801792,308.1290956872125,308.1290955800717,308.12909548039056,308.1290959409455,308.12909594501696
20.0,4.637581560138283,6.25,4.621973843484842,2.5,8.125,8.125,8.125,8.125,8.125,8.125,8.125,8.125,8.125,8.125,8.125,8.125,8.125,8.125,8.125,8.125,8.125,8.125,8.125,8.125,8.125,8.125,8.125,8.125,8.125,8.125,8.125,8.125,8.125,8.125,8.125,8.125,8.125,8.125,8.125,8.125,8.125,8.125,8.125,8.125,8.125,8.125,8.125,8.125,8.125,8.125,8.125
20.0,13.6401469565546,3.75,13.640153133549711,7.5,13.125,13.125,13.125,13.125,13.125,13.125,13.125,13.125,13.125,13.125,13.125,13.125,13.125,13.125,13.125,13.125,13.125,13.125,13.125,13.125,13.125,13.125,13.125,13.125,13.125,13.125,13.125,13.125,13.125,13.125,13.125,13.125,13.125,13.125,13.125,13.125,13.125,13.125,13.125,13.125,13.125,13.125,13.125,13.125,13.125,13.125,13.125
20.0,159.165941103267,26.624171220014915,158.86568537589076,24.129964413622275,140.32747319783857,140.32747319783857,140.32747319783857,140.32747319783857,140.32747319783857,140.32747319783857,140.32747319783857,140.32747319783857,140.32747319783857,140.32747319783857,140.32747319783857,140.32747319783857,140.32747319783857,140.32747319783857,140.32747319783857,140.32747319783857,140.32747319783857,140.32747319783857,140.32747319783857,140.32747319783857,140.32747319783857,140.32747319783857,140.32747319783857,140.32747319783857,140.32747319783857,140.32747319783857,140.32747319783857,140.32747319783857,140.32747319783857,140.32747319783857,140.32747319783857,140.32747319783857,140.32747319783857,140.32747319783857,140.32747319783857,140.32747319783857,140.32747319783857,140.32747319783857,140.32747319783857,140.32747319783857,140.32747319783857,140.32747319783857,140.32747319783857,140.32747319783857,140.32747319783857,140.32747319783857,140.32747319783857
21.0,-0.04915130258261868,6.25,-0.09680548176140553,2.5,-1.25,-1.0024868330490522,8.125,8.125,8.125,8.125,8.125,8.125,8.125,8.125,8.125,8.125,8.125,8.125,8.125,8.125,8.125,8.125,8.125,8.125,8.125,8.125,8.125,8.125,8.125,8.125,8.125,8.125,8.125,4.0735478497604936,4.516487899382371,5.473788466146062,5.89471592186072,6.1419718899613,6.215736339500487,6.227352563063293,6.227675780100088,6.227830973835476,6.227784102514287,6.228135664226023,6.2283659277293975,6.229095454410418,6.228492402970258,6.228736749086756,6.2288585739814755,6.2289909942859705,6.229084049829153
21.0,14.998915896506707,3.75,14.99680424163209,7.5,11.25,3.997810795319092,13.125,13.125,13.125,13.125,13.125,13.125,13.125,13.125,13.125,13.125,13.125,13.125,13.125,13.125,13.125,13.125,13.125,13.125,13.125,13.125,13.125,13.125,13.125,13.125,13.125,13.125,13.125,14.999999999999998,14.999999999999998,14.999999999999911,14.999999999999998,14.999999999999998,14.999999999999998,14.999999999999998,14.999999999999998,14.999999999999998,14.999999999999998,14.999999999999998,14.999999999999998,14.999999999999998,14.999999999999998,14.999999999999998,14.999999999999998,14.999999999999998,14.999999999999998
21.0,99.16364356318265,26.6241712200149,97.72968290655578,24.129964413622247,22.38348248499986,29.062372238337232,140.32747319783857,140.32747319783857,140.32747319783857,140.32747319783857,140.32747319783857,140.32747319783857,140.32747319783857,140.32747319783857,140.32747319783857,140.32747319783857,140.32747319783857,140.32747319783857,140.32747319783857,140.32747319783857,140.32747319783857,140.32747319783857,140.32747319783857,140.32747319783857,140.32747319783857,140.32747319783857,140.32747319783857,140.32747319783857,140.32747319783857,140.32747319783857,140.32747319783857,140.32747319783857,140.32747319783857,182.21930278853208,191.81536287351986,208.20177374415167,211.8985042249688,212.76988079074246,212.8336290334813,212.8353633525476,212.83537925542342,212.83538626868477,212.8353841931255,212.83539886281633,212.83540734768692,212.8354283583777,212.83541162978435,212.83541914288202,212.8354225146681,212.83542589739588,212.83542809859568
22.0,2.311008065683823,-1.25,-1.0491175703084494,-3.125,-1.0072970764477815,2.5,2.4786244287431156,2.3840025799601783,2.441512024087131,2.522566414316458,-0.9564091081713579,2.486206225000214,2.56317750365536,2.8309292784953937,-0.8911465336553474,-0.827711850695497,-0.7839384848279155,-0.7357531166083005,-0.6853796766472048,2.571705631575621,2.668727240913832,2.7485173795809503,2.766871473200985,2.830789227173388,2.9124013548384875,2.9277080668104563,2.9765628690805355,3.0509718725344293,6.297777544427185,3.0766234655528946,3.091061765625392,6.325382079584658,6.347115163833667,6.311184204012592,3.156065134120392,6.282297820894558,3.2474096045644902,6.27740600153179,6.308685074736792,6.357158300133239,6.343741886751183,6.345272510599972,6.354262075863799,6.395132613752899,6.4580502950138925,6.426215921879442,6.428310647475411,6.429066598008714,6.439884778981971,6.493168522186316,6.556892374225316
22.0,0.16953654732699108,11.25,11.438137350157245,9.375,11.401073008497146,7.5,7.606091526023336,7.591731589862936,7.714458784749015,7.767742964488642,11.442801821842083,7.855388130147789,7.899837348019462,4.033844394047941,11.469426463923202,11.464790472794613,11.424534354653053,11.451415282056082,11.483058504571298,8.058660676632037,8.109408016866443,8.066672679946405,8.17034088966871,8.233681469291813,8.235658817268543,8.308214633921382,8.365235132324278,8.386635894847172,6.200914877410039,8.451986950094692,8.525644150856534,6.223904823644195,6.193833797617286,6.239628990162677,8.59890931076,6.297040728660734,8.643432470200043,6.363510094113289,6.420514160934421,6.43787170006398,6.481352335488497,6.56384083105036,6.649389555142964,6.721648059280331,6.738202130285224,6.789173382610842,6.8893270529671895,6.990120805569503,7.089113067998776,7.173147456684504,7.176828627499876
22.0,11.602710959325744,22.38348248499986,27.934612538652438,8.579721179324288,28.574612026855746,24.129964413622268,25.063717728440416,24.66311777419672,25.987031541217096,26.786049408812822,29.993931087458456,27.52541731640109,28.282245597532665,3.1198564241939764,31.626030020961394,32.971430850905364,33.58884959497652,34.84656794319923,36.19615569093236,29.9764944216613,31.009847389030057,30.99826246256342,32.256088006230165,33.39149887794724,34.00117396084109,34.96220243135271,36.02631118673196,36.91772232103797,45.61540395470007,37.94326288801132,38.985513313584065,45.831846703798234,45.5035363162316,46.003934080744045,40.53325602674028,46.61163376764848,42.0477528748422,47.30838196793518,47.89733172686131,48.03605275543386,48.5176262251594,49.41013597749141,50.34124755398677,51.086694613960645,51.13778496517216,51.78893229888001,52.93254417659607,54.106609927764545,55.25626478831437,56.12409756510783,55.94935367120923
23.0,2.194827062300849,9.999999,9.973688110292835,9.973020747850153,9.978840916493695,9.931692748764695,9.89696060471539,9.847128262906015,9.793483196406443,9.733767181342811,9.67052131647767,9.604621367263531,9.537013391386884,9.465210951369883,9.396844714079347,9.327265896499814,9.25761910732912,9.188213383763939,9.118766964275332,9.049785283120727,8.979349739102894,8.90974284060888,8.862994999984947,8.85241751311558,8.787703755529947,8.73230659252461,8.669439204809915,8.610824503860233,8.546959038018995,8.483199432835042,8.417910957861586,8.352341842711336,8.283922845811114,8.21432244014667,8.143033979715428,8.070012673990446,7.995182710983251,7.918472802185383,7.8398209810423305,7.759176860987275,7.676506254180941,7.591797733006524,7.505071572132355,7.41639168657066,7.325881257414079,7.233743438804868,7.140285070366998,7.045951586434843,6.951335445172088,6.863279058869799,6.868029352699997
23.0,6.0829511713604445,14.999999,14.999998998366078,14.987877487759093,14.999999999999998,14.999999999999998,14.999999999999998,14.999999999999998,14.999999999999998,14.999999999999998,14.999999999999998,14.999999999999998,14.999999999999998,14.999999999999998,14.999999999999998,14.999999999999998,14.999999999999998,14.999999999999998,14.999999999999998,14.999999999999998,14.999999999999998,14.990898955666719,14.944341152653974,14.999999999999998,14.999999999999998,14.999999999999998,14.999999999999998,14.999999999999998,14.999999999999998,14.999999999999998,14.999999999999998,14.999999999999998,14.999999999999998,14.999999999999998,14.999999999999998,14.999999999999998,14.999999999999998,14.999999999999998,14.999999999999998,14.999999999999998,14.999999999999998,14.999999999999966,14.999999999999986,14.999999999999998,14.999999999999998,14.999999999999998,14.999999999999996,14.999999999999998,14.999999999999986,14.97396509593702,14.999999999999998
23.0,13.11437864802599,145.87218546706902,146.36242350717959,146.0835489091539,146.26622614343333,147.15057489107198,147.80779138742682,148.75954247942227,149.79604371408263,150.9648010901461,152.22022175909248,153.54788193141425,154.93087865250277,156.42289002102223,157.86551891742,159.35537208933246,160.86790686740648,162.39548693904055,163.94317029341696,165.4982704098865,167.1029275079899,168.46849429436773,168.34678962359925,170.03183948948885,171.54035294086853,172.8381337993754,174.31653937857754,175.69877177609118,177.2071587631288,178.71341100742677,180.25385145188164,181.796482700989,183.39863681461037,185.0174896179868,186.66074250116947,188.32462372122225,190.00536800188536,191.6983184357521,193.39775865257002,195.09681948626957,196.7873607849677,198.45985669699115,200.10330080361766,201.70515336558913,203.25136293561005,204.72649587721284,206.11407404558008,207.39706671045826,208.55908788459155,208.80344426541035,209.4742515231734
24.0,0.5360027797398166,4.108132839323817,0.5523997497035517,-1.25,0.5393266014575231,2.5,0.5564702252067129,0.6050734637748103,0.6465618125308572,0.7110779098830302,0.7830715414745005,0.8712301507560889,0.9681418196843964,1.056444028446035,1.1313437295997455,1.1862569171291488,1.2001008067387267,1.190245049112675,1.1610306733008113,1.1672271376426158,8.125,8.124951723961674,8.137282672195107,8.126896779488796,8.111012595374586,8.088826064488334,8.059455039762332,8.018865328592247,7.966049035217729,7.8953289210742374,7.808937927221482,7.722367458745336,7.643865887806007,7.549689427481769,7.468500010048475,6.880250874842704,6.5086568546235295,6.113293363366325,6.213092925238112,6.2044798491891475,6.204738225006309,6.203871575810178,6.20550180870459,6.206260115346593,6.206762801707508,6.207253080051431,6.2077307593666315,6.2086100032628675,6.208614804838083,6.209494709430176,6.209428090919871
24.0,13.361823666051368,3.062130916889066,13.397708812416731,11.25,13.4044763268631,7.5,13.402564723837862,13.465804511935874,13.511353155564649,13.569430021518414,13.61668095159784,13.649409424583682,13.654640867555441,13.636008422684334,13.653213699388585,13.744496893592213,13.824846613208429,13.91486501658008,13.984269546852573,14.042495198629894,13.125,13.14028145020748,13.154278964612011,13.155922499688629,13.192524766796643,13.23346477311079,13.279355095727807,13.3318841647261,13.38412076935304,13.429186901801629,13.452825801404883,13.451298344779875,13.443148502243458,13.458605140788158,13.556315559158937,14.392581071541676,14.935358444744491,14.999999999999998,14.999999999999998,14.999999999999998,14.999999999999998,14.999999999999998,14.999999999999998,14.999999999999998,14.999999999999998,14.999999999999998,14.999999999999998,14.999999999999998,14.999999999999998,14.999999999999998,14.999999999999998
24.0,85.13163424114965,6.561561026377149,86.02972019765267,22.38348248499986,85.89412164696566,24.129964413622275,86.18638380102341,88.14710993732636,89.68272836861446,91.85261375360483,93.95997154446195,96.0697718626152,97.78754953872922,98.87177704716382,100.36055741137099,102.91768397760909,104.6582591290746,106.22997909682279,107.10176484871351,108.33068026583449,140.32747319783857,140.68105268735565,140.74540355629787,141.00157133198485,142.1827111936478,143.60012932161695,145.2872596149037,147.3680611270069,149.69725208058526,152.2173058773068,154.51705890340284,156.17152508895788,157.46220952957165,159.5551004547812,163.35670437622196,192.9082124756224,210.39608668523726,212.720554367854,212.83291839486571,212.8297904298542,212.8299023499364,212.82952252898596,212.83022657202426,212.83053888449595,212.83074060748194,212.83093327228082,212.83111711188724,212.8314455008284,212.83144725860134,212.83176285330907,212.83173941329977
25.0,6.227491307566309,-1.0148171620250226,6.226557943678179,2.5,6.237493738021061,6.25,6.233139132016725,6.2354009100774865,6.2366365453687385,6.16377138069477,6.101675303034901,5.909739446094054,6.3387928229096495,6.2304191350824,6.230532359010146,6.230709427176683,6.230872420401711,6.231032474797575,6.231221817355201,6.231471310288711,6.2315073791473985,6.2316054193043815,6.23173023011048,6.231853164386702,6.231958922145555,6.232063501324125,6.232162673332259,6.232256689882246,6.232340506330549,6.232429097706778,6.23296708314283,6.232576717494412,6.232655466968928,6.23301637972448,6.232785073978833,6.232850848514797,6.232907211168113,6.233027879270025,6.233014118144354,6.233072075985973,6.233121538499143,6.233171066026691,6.233214461932548,6.233258118892694,6.233300022354241,6.233339910531486,6.233378182951747,6.2334165174437715,6.233401767836399,6.233486517227833,6.233520722796026
25.0,12.022548286022039,3.225817627711103,12.054364622449636,7.5,12.05514636483977,3.75,12.059247660031645,12.168241335320179,12.257383459127286,14.114065433900027,14.999999999999993,14.999999999999998,14.999999999999998,14.999999999999998,14.999999999999998,14.999999999999998,14.999999999999998,14.999999999999998,14.999999999999998,14.999999999999998,14.999999999999998,14.999999999999998,14.999999999999998,14.999999999999998,14.999999999999998,14.999999999999998,14.999999999999998,14.999999999999998,14.999999999999998,14.999999999999998,14.999999999999998,14.999999999999998,14.999999999999998,14.999999999999998,14.999999999999998,14.999999999999998,14.999999999999998,14.999999999999998,14.999999999999998,14.999999999999998,14.999999999999998,14.999999999999998,14.999999999999998,14.999999999999998,14.999999999999998,14.999999999999998,14.999999999999998,14.999999999999998,14.999999999999998,14.999999999999998,14.999999999999996
25.0,138.91926080397454,35.51945400413777,139.6152425069819,24.129964413622275,139.6332816784764,26.624171220014915,139.72302589606664,142.12426046692482,144.10573614197583,188.95062271716296,212.69667267584668,211.97994116550782,212.7369631011907,212.8354436910921,212.8354436383368,212.83544312479438,212.83544218726837,212.83544083305566,212.8354386762646,212.83543491616135,212.835434286194,212.8354324635959,212.83542991007315,212.83542713953463,212.8354245532743,212.83542181136843,212.83541904177724,212.8354162638468,212.83541366230298,212.83541078446325,212.8353904814133,212.83540569669796,212.83540283307454,212.83538837821717,212.83539789361623,212.83539527910727,212.83539298098555,212.83538788173587,212.83538847559765,212.83538595294343,212.83538375549523,212.83538151404275,212.83537951626928,212.83537747460568,212.835375484879,212.83537356348447,212.83537169483316,212.83536979852295,212.83537053106608,212.83536627221378,212.83536451918138
26.0,-4.500507035945555,6.25,-4.559542430627245,2.5,-3.125,8.125,8.125,8.125,8.125,8.125,8.125,8.125,8.125,8.125,8.125,8.125,8.125,8.125,8.125,8.125,8.125,8.125,8.125,8.125,8.125,8.125,8.125,8.125,8.125,8.125,8.125,8.125,8.125,8.125,8.125,8.125,8.125,8.125,8.125,8.125,8.125,8.125,8.125,8.125,8.125,8.125,8.125,8.125,8.125,8.125,8.125
26.0,7.324811460918249,3.75,7.326420812339193,7.5,9.375,13.125,13.125,13.125,13.125,13.125,13.125,13.125,13.125,13.125,13.125,13.125,13.125,13.125,13.125,13.125,13.125,13.125,13.125,13.125,13.125,13.125,13.125,13.125,13.125,13.125,13.125,13.125,13.125,13.125,13.125,13.125,13.125,13.125,13.125,13.125,13.125,13.125,13.125,13.125,13.125,13.125,13.125,13.125,13.125,13.125,13.125
26.0,79.4599854202424,26.624171220014915,82.77331237153786,24.129964413622275,8.579721179324281,140.32747319783857,140.32747319783857,140.32747319783857,140.32747319783857,140.32747319783857,140.32747319783857,140.32747319783857,140.32747319783857,140.32747319783857,140.32747319783857,140.32747319783857,140.32747319783857,140.32747319783857,140.32747319783857,140.32747319783857,140.32747319783857,140.32747319783857,140.32747319783857,140.32747319783857,140.32747319783857,140.32747319783857,140.32747319783857,140.32747319783857,140.32747319783857,140.32747319783857,140.32747319783857,140.32747319783857,140.32747319783857,140.32747319783857,140.32747319783857,140.32747319783857,140.32747319783857,140.32747319783857,140.32747319783857,140.32747319783857,140.32747319783857,140.32747319783857,140.32747319783857,140.32747319783857,140.32747319783857,140.32747319783857,140.32747319783857,140.32747319783857,140.32747319783857,140.32747319783857,140.32747319783857
27.0,7.987368941249883,-3.125,6.25,8.125,8.133316287147359,8.124614552911403,8.125668701819738,8.1165896602505,8.049951567381243,8.00974982759699,7.949234505973954,7.886287282341573,7.818244667120795,7.747188488872607,7.673041754030387,7.594274217199018,7.50644748181606,7.404300161807035,7.321463029696341,7.309887539269788,7.2539398921316,7.193964691899164,7.13541290841735,7.068982810087709,6.993164396055595,6.900897385384625,6.823189989968342,6.82507246329006,6.781455379449492,6.73420262387868,6.688420680940694,6.634791353480043,6.572364377135329,6.490130080183081,6.398260614610931,6.2564203346606355,6.145532069753443,6.22907265282313,6.22932298609951,6.229691471750734,6.229939849394207,6.230184743606648,6.230388488843881,6.2306151209519545,6.230804586054326,6.230979168716863,6.2311399790860635,6.231288341601432,6.229402791533201,6.231566086954613,6.231657850808479
27.0,8.155241842673911,9.375,3.75,13.125,13.125003009362818,13.130391288280752,13.132816020795369,13.144013013706175,13.219588871134203,13.261138143235359,13.321252611431015,13.381942879503582,13.44599285679195,13.511007311313596,13.575542398905505,13.636720698784817,13.687241346278649,13.70832903715588,13.680915838759129,13.714149689716647,13.802344297428386,13.889187179827886,13.9664080594712,14.042417569972079,14.107623603725887,14.146734147557899,14.135107426251361,14.168086146256185,14.264681710777387,14.363530935571973,14.452320788795172,14.544657462438376,14.630344220072958,14.699720289618446,14.719625938696526,14.999999999999998,14.999999999999998,14.999999999999998,14.999999999999998,14.999999999999998,14.999999999999998,14.999999999999998,14.999999999999998,14.999999999999998,14.999999999999998,14.999999999999998,14.999999999999998,14.999999999999998,14.999999999999998,14.999999999999998,14.999999999999998
27.0,52.624391743685464,8.579721179324281,26.624171220014915,140.32747319783857,140.15315753857806,140.4598851650074,140.4937225828705,140.9425214542898,144.0883744973798,145.89399830828168,148.554364786175,151.27411641172586,154.16838845199817,157.13174749832834,160.12312100394678,163.09049421265092,165.91621356339363,168.18866070210916,168.84846382796823,169.85578864735834,172.9171952632886,175.98664423513847,178.76777417999983,181.59191286697657,184.2059830552077,186.25044615849225,186.7226222739392,187.56213871778604,190.48368231300668,193.48692853368289,196.1990882116029,199.04383038317644,201.73260542479164,204.02012363757115,204.88647060834774,212.829785787272,212.77504709739398,212.83542783680704,212.8354330853876,212.8354388990934,212.83544153303083,212.8354431170526,212.83544366839797,212.83544346375692,212.83544263157765,212.83544133179413,212.8354396822588,212.83543777575127,212.83543453768812,212.8354332141611,212.8354314227165
28.0,8.442580805379716,-1.25,8.442289857352138,8.461724231718046,2.5,9.038564822680096,9.999999,9.999999,9.999999,9.999999,9.999999,9.999999,9.999999,9.999999,9.999999,9.999999,9.988161146528741,9.984989948757848,9.981652797095848,9.942924470189244,9.914546723540566,9.871722306597475,9.826727431310303,9.775532217387747,9.72020839527376,9.634022752172902,9.578015726465892,9.509823670795512,9.439704577811414,9.367150948381282,9.292294447307706,9.215410519034423,9.136659060496264,9.056188461243659,8.97410675875154,8.890495023769546,8.805406412628505,8.71887123689597,8.630897413312828,8.541465294105866,8.450569948303118,8.358154806372442,8.264171118694122,8.168555901610958,8.071237815413223,7.972137566350948,7.871167067526414,7.768226005203774,7.663192489217444,7.555902217880186,7.446100706376224
28.0,11.25300341872498,11.25,11.21672516394985,11.25418415581657,7.5,7.874457694048477,14.999999,14.999999,14.999999,14.999999,14.999999,14.999999,14.999999,14.999999,14.999999,14.999999,14.9995996268757,14.987035659326471,14.999999999999998,14.999999999999998,14.999999999999998,14.999999999999998,14.999999999999998,14.999999999999998,14.999999999999998,14.999999999999998,14.999999999999996,14.999999999999998,14.999999999999998,14.999999999999998,14.999999999999996,14.999999999999998,14.999999999999991,14.999999999999998,14.999999999999998,14.999999999999998,14.999999999999998,14.999999999999998,14.999999999999993,14.999999999999998,14.999999999999998,14.999999999999998,14.999999999999925,14.999999999999998,14.999999999999998,14.999999999999998,14.999999999999998,14.999999999999998,14.999999999999998,14.999999999999998,14.999999999999998
28.0,94.57502323110276,22.38348248499986,93.89393222005678,94.23062308994696,24.129964413622275,33.66322263564953,145.87218546706902,145.87218546706902,145.87218546706902,145.87218546706902,145.87218546706902,145.87218546706902,145.87218546706902,145.87218546706902,145.87218546706902,145.87218546706902,146.08283093851662,145.84025230809542,146.21376193598113,146.93909761412655,147.47439922885005,148.28850543978118,149.15223965015772,150.14570501179318,151.2324062674403,152.9530630103035,154.08959641677473,155.49305848715665,156.9586177860557,158.4986970739978,160.11224854242676,161.794544101886,163.5426560803242,165.3532105891725,167.22300447825748,169.14869775677482,171.1268203730339,173.15363579454055,175.22510246090684,177.3369590855877,179.4836767778403,181.65996744568315,183.85930986995695,186.07439240961156,188.29688963024043,190.51736347015373,192.72518809912498,194.90852303231554,197.0543858501237,199.14888383866892,201.1777685997312
29.0,3.2796950307443087,-4.999999,-4.9866710313766,-4.999999999940563,-4.999999999999999,-4.999999999228729,-4.999999999247596,-4.999999999186274,-4.999999998589255,-4.999999999264852,-4.9999999992149515,-4.999999999341464,-4.999999998180947,-4.999999999367651,-4.999999999205995,-4.999999997798953,-4.999999999180326,-4.999999998822189,-4.999999999276606,-4.99999999935316,-4.999999993587952,-4.999999999384323,-4.999999999182771,-4.999999999356527,-4.999999999018724,-4.999999998651678,-4.999999999372498,-4.999999999249772,-4.999999999177776,-4.999999999231456,-4.999999999394113,-4.999999998723883,-4.999999998102885,-4.999999997592009,-4.999999997173666,-4.999999999379469,-4.9999999993224264,-4.999999999234484,-4.999999999188335,-4.999999999177671,-4.999999999197186,-4.999999999242392,-4.999999999362551,-4.999999999399247,-4.999999999240416,-4.999999999087887,-4.999999998958713,-4.999999998850252,-4.999999998760181,-4.999999998686454,-4.9999999986273025
29.0,8.757088579528666,1.0e-6,1.5264037567002567e-5,8.797788908952587e-12,0.003475354652763262,1.2370237557039793e-11,3.3745974659755976e-12,3.326843044052172e-12,3.0008252353783216e-12,3.946252796156484e-15,2.2472658209599913e-12,1.2106691547213017e-11,2.3410181069390677e-12,3.2508904694688367e-12,2.065532070813076e-12,2.268301843335712e-12,3.2338377476413125e-12,2.317287799813073e-12,3.4307185999370076e-12,2.3066660089838447e-12,2.2633552945905573e-12,2.3710435082954312e-12,2.258663718009119e-12,2.8766560892252093e-12,2.355910714756592e-12,2.2203052501398646e-12,2.2659660399752544e-12,4.229070325851557e-12,2.2766638203536424e-12,1.0835606555445831e-11,2.9024972801710346e-12,3.4490829742003326e-12,3.438764451235891e-12,2.277205170968694e-12,3.120978613257457e-12,2.4555603423759295e-12,1.1922729264605062e-11,3.2755997820398282e-12,3.235981304592413e-12,2.166887673398402e-12,2.2772468475307976e-12,3.1664010856085765e-12,3.4403939427266327e-12,1.5860318453511154e-11,1.8260769384653533e-11,1.1374254719714156e-11,2.792434792139788e-12,1.0550592962391928e-11,1.5730253914740593e-11,3.4003926806083206e-12,2.388255240335891e-12
29.0,43.88216158101022,308.12895331332754,306.6867568496088,308.12909600486586,308.00964374741903,308.12909592763464,308.1290959299875,308.12909592334665,308.1290958586865,308.12909593197276,308.1290959264902,308.1290959398555,308.1290958144799,308.12909594299657,308.12909592552626,308.12909577310336,308.1290959227055,308.1290958839424,308.12909593312816,308.1290959414594,308.129095316953,308.1290959448328,308.1290959230039,308.12909594180456,308.1290959052303,308.1290958654752,308.12909594355557,308.1290959301939,308.1290959224622,308.1290959279827,308.1290959458751,308.1290958732545,308.12909580598614,308.12909575068625,308.12909570534083,308.12909594430414,308.1290959377997,308.1290959285707,308.12909592357295,308.12909592245467,308.12909592456475,308.12909592943106,308.1290959424377,308.1290959459858,308.12909592869806,308.1290959124123,308.1290958987147,308.1290958866993,308.12909587676444,308.1290958692018,308.12909586282905
30.0,2.863696539085818,-4.999999,-4.999998875787895,-4.999999999999999,-4.995103737723366,-4.999999999999999,-4.999999999361595,-4.999999998564126,-4.9999999993863,-4.999999996256228,-4.999999998735577,-4.999999998863847,-4.999999999180003,-4.999999998592825,-4.999999999211507,-4.999999996968597,-4.999999999211864,-4.999999999388727,-4.999999998682005,-4.999999999333686,-4.999999999180223,-4.999999999395765,-4.999999998185071,-4.9999999972696685,-4.999999999354678,-4.999999999195519,-4.999999999192839,-4.999999999363804,-4.999999999184764,-4.999999998879921,-4.999999998676024,-4.999999998555588,-4.999999999377353,-4.999999999315779,-4.999999999224554,-4.99999999918186,-4.999999999180254,-4.999999999213489,-4.999999999352248,-4.999999999384411,-4.999999998881373,-4.999999998104095,-4.9999999973886355,-4.9999999967286275,-4.9999999961184844,-4.99999999555344,-4.999999995029154,-4.999999994541804,-4.999999999353143,-4.9999999993713145,-4.999999999399364
30.0,8.382344474447633,1.0e-6,0.01218553343373547,1.1230051169085063e-21,9.498926338693193e-18,0.0027340393017949573,6.275507701170943e-12,2.3200060746539954e-12,6.358836079310896e-12,2.0102156189985904e-12,2.549867717209187e-12,2.9558549292256e-12,1.0594870641656867e-11,6.890109712054332e-12,3.2251388209169645e-12,2.285636365189733e-12,9.38395291423282e-12,2.3106016507997476e-12,5.671458074813568e-12,3.715335273351827e-12,2.3753747348264926e-12,2.825172063815081e-12,2.2843930395136555e-12,3.411137169665673e-12,2.27699782164425e-12,1.3107265742881691e-10,2.311689175670727e-12,1.026226304741409e-11,3.4535117933264778e-12,3.184755637571966e-12,2.3050991968724086e-12,2.3881838507050303e-12,1.9927496803533798e-11,3.3529895865638343e-12,2.3941377461940807e-12,2.1504296030046846e-12,2.3980595866668992e-12,5.92873918289938e-12,3.4322709896184508e-12,3.460274693053945e-12,2.3544679209741283e-12,3.0349660567408407e-12,2.059334852827949e-12,2.345628461637073e-12,6.6422997836540116e-12,2.596290954858202e-12,1.2869286155671195e-11,3.2684701948673518e-12,2.3800121743558982e-12,2.359049533091376e-12,2.45397233305323e-12
30.0,35.34829814235218,308.12895331332754,307.71024850218043,308.12909601160663,307.59898858096517,308.03512165174806,308.12909594223663,308.12909585598806,308.12909594491003,308.12909560599877,308.12909587455215,308.12909588843286,308.12909592241755,308.12909585893965,308.12909592608344,308.1290956831557,308.1290959259105,308.12909594531203,308.1290958686418,308.12909593930146,308.1290959227238,308.1290959460567,308.1290958149286,308.12909571573016,308.1290959416248,308.1290959199568,308.1290959240928,308.12909594233895,308.1290959231787,308.12909589016624,308.12909586810963,308.1290958550608,308.12909594347434,308.1290959373742,308.1290959275253,308.12909592290896,308.1290959227263,308.12909592620514,308.12909594132185,308.12909594480493,308.12909589035206,308.12909580613126,308.1290957286635,308.12909565715927,308.1290955909188,308.12909552985025,308.1290954727045,308.12909542024306,308.12909594145515,308.12909594342415,308.1290959464594
